"studyName","Date","Chlorophyll a (Âµg/l)"
"PAL-LTER Derived Datasets",1991-12-03,1.21
"PAL-LTER Derived Datasets",1991-12-05,1.15
"PAL-LTER Derived Datasets",1991-12-10,0.59
"PAL-LTER Derived Datasets",1991-12-10,0.8
"PAL-LTER Derived Datasets",1991-12-11,1.03
"PAL-LTER Derived Datasets",1991-12-13,2.15
"PAL-LTER Derived Datasets",1991-12-16,2.28
"PAL-LTER Derived Datasets",1991-12-16,1.29
"PAL-LTER Derived Datasets",1991-12-18,0.59
"PAL-LTER Derived Datasets",1991-12-21,10.84
"PAL-LTER Derived Datasets",1991-12-21,9.37
"PAL-LTER Derived Datasets",1991-12-23,4.15
"PAL-LTER Derived Datasets",1991-12-23,5.43
"PAL-LTER Derived Datasets",1991-12-23,3.06
"PAL-LTER Derived Datasets",1991-12-27,8.99
"PAL-LTER Derived Datasets",1991-12-28,1.88
"PAL-LTER Derived Datasets",1991-12-28,3.25
"PAL-LTER Derived Datasets",1991-12-30,9.94
"PAL-LTER Derived Datasets",1991-12-30,9.32
"PAL-LTER Derived Datasets",1992-01-06,4.19
"PAL-LTER Derived Datasets",1992-01-07,5.9
"PAL-LTER Derived Datasets",1992-01-07,5.59
"PAL-LTER Derived Datasets",1992-01-09,13.96
"PAL-LTER Derived Datasets",1992-01-10,1.78
"PAL-LTER Derived Datasets",1992-01-10,3.76
"PAL-LTER Derived Datasets",1992-01-13,1.66
"PAL-LTER Derived Datasets",1992-01-13,1.97
"PAL-LTER Derived Datasets",1992-01-16,0.96
"PAL-LTER Derived Datasets",1992-01-17,0.55
"PAL-LTER Derived Datasets",1992-01-17,0.58
"PAL-LTER Derived Datasets",1992-01-18,0.03
"PAL-LTER Derived Datasets",1992-01-20,0.89
"PAL-LTER Derived Datasets",1992-01-24,0.58
"PAL-LTER Derived Datasets",1992-01-27,0.23
"PAL-LTER Derived Datasets",1992-01-27,0.28
"PAL-LTER Derived Datasets",1992-02-03,0.95
"PAL-LTER Derived Datasets",1992-02-03,0.77
"PAL-LTER Derived Datasets",1992-02-07,0.45
"PAL-LTER Derived Datasets",1992-02-07,0.34
"PAL-LTER Derived Datasets",1992-02-10,0.84
"PAL-LTER Derived Datasets",1992-02-10,1.02
"PAL-LTER Derived Datasets",1992-02-10,1
"PAL-LTER Derived Datasets",1992-02-17,1.87
"PAL-LTER Derived Datasets",1992-02-17,0.88
"PAL-LTER Derived Datasets",1992-02-17,0.88
"PAL-LTER Derived Datasets",1992-02-21,1.2
"PAL-LTER Derived Datasets",1992-02-21,0.67
"PAL-LTER Derived Datasets",1992-02-24,3.12
"PAL-LTER Derived Datasets",1992-02-24,0.97
"PAL-LTER Derived Datasets",1992-02-24,0.89
"PAL-LTER Derived Datasets",1992-11-07,0.7355
"PAL-LTER Derived Datasets",1992-11-09,0.2826
"PAL-LTER Derived Datasets",1992-11-17,0.7979
"PAL-LTER Derived Datasets",1992-11-17,0.7746
"PAL-LTER Derived Datasets",1992-11-20,26.9092
"PAL-LTER Derived Datasets",1992-11-23,1.4688
"PAL-LTER Derived Datasets",1992-11-24,1.1787
"PAL-LTER Derived Datasets",1992-11-25,1.632
"PAL-LTER Derived Datasets",1992-11-27,1.8677
"PAL-LTER Derived Datasets",1992-11-27,1.5595
"PAL-LTER Derived Datasets",1992-11-30,0.9067
"PAL-LTER Derived Datasets",1992-12-05,0.3507
"PAL-LTER Derived Datasets",1992-12-05,0.2809
"PAL-LTER Derived Datasets",1992-12-07,0.4035
"PAL-LTER Derived Datasets",1992-12-07,0.4358
"PAL-LTER Derived Datasets",1992-12-11,0.9973
"PAL-LTER Derived Datasets",1992-12-14,0.3047
"PAL-LTER Derived Datasets",1992-12-14,0.4597
"PAL-LTER Derived Datasets",1992-12-18,0.4273
"PAL-LTER Derived Datasets",1992-12-18,0.4052
"PAL-LTER Derived Datasets",1992-12-21,0.9248
"PAL-LTER Derived Datasets",1992-12-21,0.9248
"PAL-LTER Derived Datasets",1992-12-28,0.2622
"PAL-LTER Derived Datasets",1992-12-28,0.4988
"PAL-LTER Derived Datasets",1992-12-29,1.4507
"PAL-LTER Derived Datasets",1992-12-29,1.5413
"PAL-LTER Derived Datasets",1993-02-15,2.0128
"PAL-LTER Derived Datasets",1993-02-23,4.4832
"PAL-LTER Derived Datasets",1993-03-01,1.3056
"PAL-LTER Derived Datasets",1993-09-07,0.2723
"PAL-LTER Derived Datasets",1993-09-07,0.2615
"PAL-LTER Derived Datasets",1993-09-07,0.2527
"PAL-LTER Derived Datasets",1993-09-08,0.2937
"PAL-LTER Derived Datasets",1993-09-08,0.2743
"PAL-LTER Derived Datasets",1993-09-09,0.3299
"PAL-LTER Derived Datasets",1993-09-09,0.3098
"PAL-LTER Derived Datasets",1993-09-10,0.3058
"PAL-LTER Derived Datasets",1993-09-10,0.2615
"PAL-LTER Derived Datasets",1993-09-13,0.3491
"PAL-LTER Derived Datasets",1993-09-15,0.4073
"PAL-LTER Derived Datasets",1993-09-29,1.0476
"PAL-LTER Derived Datasets",1993-11-19,0.0313
"PAL-LTER Derived Datasets",1993-11-22,0.008
"PAL-LTER Derived Datasets",1993-11-22,0.0089
"PAL-LTER Derived Datasets",1993-11-23,0.0122
"PAL-LTER Derived Datasets",1993-11-27,0.0471
"PAL-LTER Derived Datasets",1993-11-29,0.0094
"PAL-LTER Derived Datasets",1993-11-29,0.0376
"PAL-LTER Derived Datasets",1993-12-02,2.0116
"PAL-LTER Derived Datasets",1993-12-06,0.4499
"PAL-LTER Derived Datasets",1993-12-10,1.2596
"PAL-LTER Derived Datasets",1993-12-13,1.2411
"PAL-LTER Derived Datasets",1993-12-13,1.2134
"PAL-LTER Derived Datasets",1993-12-17,0.3779
"PAL-LTER Derived Datasets",1993-12-21,1.6195
"PAL-LTER Derived Datasets",1993-12-21,1.5825
"PAL-LTER Derived Datasets",1993-12-23,3.2574
"PAL-LTER Derived Datasets",1993-12-27,2.3669
"PAL-LTER Derived Datasets",1993-12-27,2.9482
"PAL-LTER Derived Datasets",1994-01-03,0.4226
"PAL-LTER Derived Datasets",1994-01-03,0.2193
"PAL-LTER Derived Datasets",1994-02-14,0.7435
"PAL-LTER Derived Datasets",1994-02-17,0.72
"PAL-LTER Derived Datasets",1994-02-21,1.0289
"PAL-LTER Derived Datasets",1994-02-28,1.2042
"PAL-LTER Derived Datasets",1994-03-07,1.6287
"PAL-LTER Derived Datasets",1994-03-14,2.1039
"PAL-LTER Derived Datasets",1994-11-16,0.543
"PAL-LTER Derived Datasets",1994-11-22,1.2846
"PAL-LTER Derived Datasets",1994-12-05,4.3669
"PAL-LTER Derived Datasets",1994-12-08,0.7243
"PAL-LTER Derived Datasets",1994-12-16,0.9752
"PAL-LTER Derived Datasets",1994-12-19,2.4415
"PAL-LTER Derived Datasets",1994-12-21,1.7322
"PAL-LTER Derived Datasets",1994-12-26,0.1989
"PAL-LTER Derived Datasets",1995-01-02,0.5907
"PAL-LTER Derived Datasets",1995-01-02,0.622
"PAL-LTER Derived Datasets",1995-02-16,1.0861
"PAL-LTER Derived Datasets",1995-02-16,1.0404
"PAL-LTER Derived Datasets",1995-02-21,4.5256
"PAL-LTER Derived Datasets",1995-02-23,24.0364
"PAL-LTER Derived Datasets",1995-02-23,26.39
"PAL-LTER Derived Datasets",1995-02-27,1.5506
"PAL-LTER Derived Datasets",1995-11-16,9.2502
"PAL-LTER Derived Datasets",1995-11-20,16.922
"PAL-LTER Derived Datasets",1995-11-23,16.0366
"PAL-LTER Derived Datasets",1995-11-28,39.6998
"PAL-LTER Derived Datasets",1995-11-30,20.2678
"PAL-LTER Derived Datasets",1995-12-04,4.5334
"PAL-LTER Derived Datasets",1995-12-05,5.2498
"PAL-LTER Derived Datasets",1995-12-08,2.523
"PAL-LTER Derived Datasets",1995-12-16,6.0333
"PAL-LTER Derived Datasets",1995-12-26,4.2834
"PAL-LTER Derived Datasets",1996-01-02,2.2509
"PAL-LTER Derived Datasets",1996-01-04,2.1643
"PAL-LTER Derived Datasets",1996-02-15,5.4386
"PAL-LTER Derived Datasets",1996-02-21,2.3088
"PAL-LTER Derived Datasets",1996-02-23,1.256
"PAL-LTER Derived Datasets",1996-02-26,3.8577
"PAL-LTER Derived Datasets",1996-02-29,1.9224
"PAL-LTER Derived Datasets",1996-03-05,0.9027
"PAL-LTER Derived Datasets",1996-03-08,0.5765
"PAL-LTER Derived Datasets",1996-03-12,2.1666
"PAL-LTER Derived Datasets",1996-03-15,0.9351
"PAL-LTER Derived Datasets",1996-03-18,1.8928
"PAL-LTER Derived Datasets",1996-03-28,0.5949
"PAL-LTER Derived Datasets",1996-03-28,0.5125
"PAL-LTER Derived Datasets",1996-03-31,0.8641
"PAL-LTER Derived Datasets",1996-03-31,1.0157
"PAL-LTER Derived Datasets",1996-04-11,0.5837
"PAL-LTER Derived Datasets",1996-04-11,0.5306
"PAL-LTER Derived Datasets",1996-04-15,0.4073
"PAL-LTER Derived Datasets",1996-04-15,0.4347
"PAL-LTER Derived Datasets",1996-04-22,0.2616
"PAL-LTER Derived Datasets",1996-04-22,0.2563
"PAL-LTER Derived Datasets",1996-04-29,0.2479
"PAL-LTER Derived Datasets",1996-04-29,0.2624
"PAL-LTER Derived Datasets",1996-05-07,0.1869
"PAL-LTER Derived Datasets",1996-05-07,0.196
"PAL-LTER Derived Datasets",1996-05-14,0.2105
"PAL-LTER Derived Datasets",1996-05-14,0.1914
"PAL-LTER Derived Datasets",1996-05-21,0.1594
"PAL-LTER Derived Datasets",1996-05-21,0.1464
"PAL-LTER Derived Datasets",1996-05-29,0.0885
"PAL-LTER Derived Datasets",1996-05-29,0.1136
"PAL-LTER Derived Datasets",1996-06-05,0.1075
"PAL-LTER Derived Datasets",1996-06-05,0.1098
"PAL-LTER Derived Datasets",1996-06-12,0.1037
"PAL-LTER Derived Datasets",1996-06-12,0.106
"PAL-LTER Derived Datasets",1996-06-20,0.0961
"PAL-LTER Derived Datasets",1996-06-20,0.0885
"PAL-LTER Derived Datasets",1996-06-27,0.09
"PAL-LTER Derived Datasets",1996-06-27,0.0953
"PAL-LTER Derived Datasets",1996-07-01,0.0694
"PAL-LTER Derived Datasets",1996-07-01,0.0686
"PAL-LTER Derived Datasets",1996-07-08,0.151
"PAL-LTER Derived Datasets",1996-07-08,0.1487
"PAL-LTER Derived Datasets",1996-07-15,0.1152
"PAL-LTER Derived Datasets",1996-07-15,0.1083
"PAL-LTER Derived Datasets",1996-07-22,0.1251
"PAL-LTER Derived Datasets",1996-07-22,0.1197
"PAL-LTER Derived Datasets",1996-07-30,0.093
"PAL-LTER Derived Datasets",1996-07-30,0.0572
"PAL-LTER Derived Datasets",1996-08-06,0.1304
"PAL-LTER Derived Datasets",1996-08-06,0.1281
"PAL-LTER Derived Datasets",1996-08-13,0.6246
"PAL-LTER Derived Datasets",1996-08-13,0.6132
"PAL-LTER Derived Datasets",1996-10-14,0.2471
"PAL-LTER Derived Datasets",1996-10-14,0.2288
"PAL-LTER Derived Datasets",1996-11-02,0.3874
"PAL-LTER Derived Datasets",1996-11-02,0.4698
"PAL-LTER Derived Datasets",1996-11-09,0.7997
"PAL-LTER Derived Datasets",1996-11-09,0.7375
"PAL-LTER Derived Datasets",1996-11-18,1.0704
"PAL-LTER Derived Datasets",1996-11-18,1.093
"PAL-LTER Derived Datasets",1996-11-25,1.6275
"PAL-LTER Derived Datasets",1996-11-25,1.7028
"PAL-LTER Derived Datasets",1996-12-03,0.548
"PAL-LTER Derived Datasets",1996-12-03,0.5676
"PAL-LTER Derived Datasets",1996-12-11,0.1777
"PAL-LTER Derived Datasets",1996-12-11,0.1867
"PAL-LTER Derived Datasets",1996-12-17,1.1472
"PAL-LTER Derived Datasets",1996-12-17,1.081
"PAL-LTER Derived Datasets",1996-12-22,1.2481
"PAL-LTER Derived Datasets",1996-12-22,1.4077
"PAL-LTER Derived Datasets",1996-12-29,0.8657
"PAL-LTER Derived Datasets",1996-12-29,0.9094
"PAL-LTER Derived Datasets",1997-01-05,1.9422
"PAL-LTER Derived Datasets",1997-01-05,1.8669
"PAL-LTER Derived Datasets",1997-01-13,2.2282
"PAL-LTER Derived Datasets",1997-01-13,2.3186
"PAL-LTER Derived Datasets",1997-02-19,1.7402
"PAL-LTER Derived Datasets",1997-02-24,1.0782
"PAL-LTER Derived Datasets",1997-02-28,3.2755
"PAL-LTER Derived Datasets",1997-03-03,1.847
"PAL-LTER Derived Datasets",1997-03-08,2.3664
"PAL-LTER Derived Datasets",1997-03-13,2.6117
"PAL-LTER Derived Datasets",1997-03-18,0.4244
"PAL-LTER Derived Datasets",1997-04-15,0.5691
"PAL-LTER Derived Datasets",1997-04-15,0.5621
"PAL-LTER Derived Datasets",1997-04-26,0.3239
"PAL-LTER Derived Datasets",1997-04-26,0.3344
"PAL-LTER Derived Datasets",1997-05-07,0.2874
"PAL-LTER Derived Datasets",1997-05-07,0.2473
"PAL-LTER Derived Datasets",1997-05-14,0.2016
"PAL-LTER Derived Datasets",1997-05-14,0.1806
"PAL-LTER Derived Datasets",1997-05-21,0.1749
"PAL-LTER Derived Datasets",1997-05-21,0.1904
"PAL-LTER Derived Datasets",1997-05-27,0.1117
"PAL-LTER Derived Datasets",1997-05-27,0.104
"PAL-LTER Derived Datasets",1997-06-03,0.1349
"PAL-LTER Derived Datasets",1997-06-03,0.1349
"PAL-LTER Derived Datasets",1997-06-11,0.1447
"PAL-LTER Derived Datasets",1997-06-11,0.1377
"PAL-LTER Derived Datasets",1997-06-18,0.1012
"PAL-LTER Derived Datasets",1997-06-18,0.1054
"PAL-LTER Derived Datasets",1997-06-25,0.0794
"PAL-LTER Derived Datasets",1997-06-25,0.0815
"PAL-LTER Derived Datasets",1997-07-02,0.0977
"PAL-LTER Derived Datasets",1997-07-02,0.0977
"PAL-LTER Derived Datasets",1997-07-08,0.0548
"PAL-LTER Derived Datasets",1997-07-08,0.0562
"PAL-LTER Derived Datasets",1997-07-15,0.0682
"PAL-LTER Derived Datasets",1997-07-15,0.066
"PAL-LTER Derived Datasets",1997-07-22,0.0766
"PAL-LTER Derived Datasets",1997-07-22,0.0752
"PAL-LTER Derived Datasets",1997-07-30,0.0843
"PAL-LTER Derived Datasets",1997-07-30,0.0773
"PAL-LTER Derived Datasets",1997-08-06,0.0843
"PAL-LTER Derived Datasets",1997-08-06,0.0836
"PAL-LTER Derived Datasets",1997-08-12,0.0745
"PAL-LTER Derived Datasets",1997-08-12,0.0731
"PAL-LTER Derived Datasets",1997-08-19,0.1089
"PAL-LTER Derived Datasets",1997-08-19,0.1033
"PAL-LTER Derived Datasets",1997-08-26,0.1237
"PAL-LTER Derived Datasets",1997-08-26,0.1342
"PAL-LTER Derived Datasets",1997-09-02,0.1447
"PAL-LTER Derived Datasets",1997-09-02,0.1342
"PAL-LTER Derived Datasets",1997-09-09,0.1166
"PAL-LTER Derived Datasets",1997-09-09,0.1145
"PAL-LTER Derived Datasets",1997-09-17,0.0941
"PAL-LTER Derived Datasets",1997-09-17,0.0913
"PAL-LTER Derived Datasets",1997-09-24,0.0927
"PAL-LTER Derived Datasets",1997-09-24,0.0906
"PAL-LTER Derived Datasets",1997-09-24,0.0885
"PAL-LTER Derived Datasets",1997-09-24,0.092
"PAL-LTER Derived Datasets",1997-10-03,0.0815
"PAL-LTER Derived Datasets",1997-10-03,0.0843
"PAL-LTER Derived Datasets",1997-10-09,0.1258
"PAL-LTER Derived Datasets",1997-10-09,0.1208
"PAL-LTER Derived Datasets",1997-10-09,0.1286
"PAL-LTER Derived Datasets",1997-10-09,0.1279
"PAL-LTER Derived Datasets",1997-10-14,0.2094
"PAL-LTER Derived Datasets",1997-10-14,0.2164
"PAL-LTER Derived Datasets",1997-10-14,0.2136
"PAL-LTER Derived Datasets",1997-10-14,0.2115
"PAL-LTER Derived Datasets",1997-10-18,0.2881
"PAL-LTER Derived Datasets",1997-10-18,0.2895
"PAL-LTER Derived Datasets",1997-10-21,0.3112
"PAL-LTER Derived Datasets",1997-10-21,0.2389
"PAL-LTER Derived Datasets",1997-10-21,0.2923
"PAL-LTER Derived Datasets",1997-10-21,0.3098
"PAL-LTER Derived Datasets",1997-10-25,0.3239
"PAL-LTER Derived Datasets",1997-10-25,0.3084
"PAL-LTER Derived Datasets",1997-10-29,0.371
"PAL-LTER Derived Datasets",1997-10-29,0.3935
"PAL-LTER Derived Datasets",1997-10-29,0.4405
"PAL-LTER Derived Datasets",1997-10-29,0.4166
"PAL-LTER Derived Datasets",1997-11-10,0.678
"PAL-LTER Derived Datasets",1997-11-10,0.6808
"PAL-LTER Derived Datasets",1997-11-13,0.3091
"PAL-LTER Derived Datasets",1997-11-13,0.3176
"PAL-LTER Derived Datasets",1997-11-19,0.8597
"PAL-LTER Derived Datasets",1997-11-19,0.8582
"PAL-LTER Derived Datasets",1997-11-19,0.8928
"PAL-LTER Derived Datasets",1997-11-19,0.8853
"PAL-LTER Derived Datasets",1997-11-23,0.5811
"PAL-LTER Derived Datasets",1997-11-23,0.6609
"PAL-LTER Derived Datasets",1997-11-26,1.6682
"PAL-LTER Derived Datasets",1997-11-26,1.8819
"PAL-LTER Derived Datasets",1997-11-26,1.6862
"PAL-LTER Derived Datasets",1997-11-26,1.5808
"PAL-LTER Derived Datasets",1997-12-03,0.2951
"PAL-LTER Derived Datasets",1997-12-03,0.2921
"PAL-LTER Derived Datasets",1997-12-08,0.2258
"PAL-LTER Derived Datasets",1997-12-08,0.1807
"PAL-LTER Derived Datasets",1997-12-12,0.4712
"PAL-LTER Derived Datasets",1997-12-12,0.5089
"PAL-LTER Derived Datasets",1997-12-17,1.0659
"PAL-LTER Derived Datasets",1997-12-17,1.2135
"PAL-LTER Derived Datasets",1997-12-17,1.1728
"PAL-LTER Derived Datasets",1997-12-17,1.1653
"PAL-LTER Derived Datasets",1997-12-22,3.0111
"PAL-LTER Derived Datasets",1997-12-22,2.8003
"PAL-LTER Derived Datasets",1997-12-28,1.0238
"PAL-LTER Derived Datasets",1997-12-28,0.9771
"PAL-LTER Derived Datasets",1998-01-04,10.1324
"PAL-LTER Derived Datasets",1998-01-04,10.8701
"PAL-LTER Derived Datasets",1998-01-09,1.8518
"PAL-LTER Derived Datasets",1998-01-09,1.8669
"PAL-LTER Derived Datasets",1998-01-14,2.8154
"PAL-LTER Derived Datasets",1998-01-14,2.9358
"PAL-LTER Derived Datasets",1998-01-22,0.6022
"PAL-LTER Derived Datasets",1998-01-22,0.6323
"PAL-LTER Derived Datasets",1998-01-30,0.730731623
"PAL-LTER Derived Datasets",1998-01-30,0.702174295
"PAL-LTER Derived Datasets",1998-02-06,1.629447527
"PAL-LTER Derived Datasets",1998-02-06,1.629447527
"PAL-LTER Derived Datasets",1998-02-15,1.696641239
"PAL-LTER Derived Datasets",1998-02-15,1.763834951
"PAL-LTER Derived Datasets",1998-02-20,1.679842811
"PAL-LTER Derived Datasets",1998-02-20,1.629447527
"PAL-LTER Derived Datasets",1998-03-01,1.20108761
"PAL-LTER Derived Datasets",1998-03-01,1.211166667
"PAL-LTER Derived Datasets",1998-03-08,2.066206657
"PAL-LTER Derived Datasets",1998-03-08,2.116601942
"PAL-LTER Derived Datasets",1998-03-13,1.384190476
"PAL-LTER Derived Datasets",1998-03-13,1.520257744
"PAL-LTER Derived Datasets",1998-03-20,0.327569348
"PAL-LTER Derived Datasets",1998-03-20,0.319170134
"PAL-LTER Derived Datasets",1998-03-27,0.545948914
"PAL-LTER Derived Datasets",1998-03-27,0.550988442
"PAL-LTER Derived Datasets",1998-04-03,0.722332409
"PAL-LTER Derived Datasets",1998-04-03,0.710573509
"PAL-LTER Derived Datasets",1998-04-09,0.680336338
"PAL-LTER Derived Datasets",1998-04-09,0.62154184
"PAL-LTER Derived Datasets",1998-04-16,0.571146556
"PAL-LTER Derived Datasets",1998-04-16,0.537549699
"PAL-LTER Derived Datasets",1998-04-22,0.56778687
"PAL-LTER Derived Datasets",1998-04-22,0.584585298
"PAL-LTER Derived Datasets",1998-04-30,0.411561489
"PAL-LTER Derived Datasets",1998-04-30,0.446838188
"PAL-LTER Derived Datasets",1998-05-02,0.340168169
"PAL-LTER Derived Datasets",1998-05-02,0.348567383
"PAL-LTER Derived Datasets",1998-05-07,0.260375636
"PAL-LTER Derived Datasets",1998-05-07,0.283053514
"PAL-LTER Derived Datasets",1998-05-14,0.255336107
"PAL-LTER Derived Datasets",1998-05-14,0.248616736
"PAL-LTER Derived Datasets",1998-05-24,0.128507975
"PAL-LTER Derived Datasets",1998-05-24,0.141946718
"PAL-LTER Derived Datasets",1998-05-28,0.277174064
"PAL-LTER Derived Datasets",1998-05-28,0.293972492
"PAL-LTER Derived Datasets",1998-06-06,0.182262945
"PAL-LTER Derived Datasets",1998-06-06,0.194021845
"PAL-LTER Derived Datasets",1998-06-14,0.165464517
"PAL-LTER Derived Datasets",1998-06-14,0.159585067
"PAL-LTER Derived Datasets",1998-06-21,0.134387425
"PAL-LTER Derived Datasets",1998-06-21,0.134387425
"PAL-LTER Derived Datasets",1998-06-27,0.115909154
"PAL-LTER Derived Datasets",1998-06-27,0.117588997
"PAL-LTER Derived Datasets",1998-07-04,0.110869626
"PAL-LTER Derived Datasets",1998-07-11,0.104150254
"PAL-LTER Derived Datasets",1998-07-11,0.111709547
"PAL-LTER Derived Datasets",1998-07-18,0.13774711
"PAL-LTER Derived Datasets",1998-07-18,0.136907189
"PAL-LTER Derived Datasets",1998-08-04,0.148666089
"PAL-LTER Derived Datasets",1998-08-04,0.148666089
"PAL-LTER Derived Datasets",1998-08-08,0.188142395
"PAL-LTER Derived Datasets",1998-08-08,0.19150208
"PAL-LTER Derived Datasets",1998-08-16,0.141946718
"PAL-LTER Derived Datasets",1998-08-16,0.152025774
"PAL-LTER Derived Datasets",1998-08-23,0.156225381
"PAL-LTER Derived Datasets",1998-08-23,0.14950601
"PAL-LTER Derived Datasets",1998-08-31,0.19150208
"PAL-LTER Derived Datasets",1998-08-31,0.194021845
"PAL-LTER Derived Datasets",1998-09-07,0.195701687
"PAL-LTER Derived Datasets",1998-09-07,0.194861766
"PAL-LTER Derived Datasets",1998-09-13,0.246096972
"PAL-LTER Derived Datasets",1998-09-13,0.156225381
"PAL-LTER Derived Datasets",1998-09-19,0.175717897
"PAL-LTER Derived Datasets",1998-09-19,0.174830433
"PAL-LTER Derived Datasets",1998-09-26,0.231628137
"PAL-LTER Derived Datasets",1998-09-26,0.239171582
"PAL-LTER Derived Datasets",1998-10-04,0.244496367
"PAL-LTER Derived Datasets",1998-10-04,0.269345362
"PAL-LTER Derived Datasets",1998-10-12,0.265795506
"PAL-LTER Derived Datasets",1998-10-12,0.272451487
"PAL-LTER Derived Datasets",1998-10-21,0.29241943
"PAL-LTER Derived Datasets",1998-10-21,0.323480674
"PAL-LTER Derived Datasets",1998-10-25,0.104990176
"PAL-LTER Derived Datasets",1998-10-25,0.11338939
"PAL-LTER Derived Datasets",1998-10-27,0.384715699
"PAL-LTER Derived Datasets",1998-10-27,0.367410148
"PAL-LTER Derived Datasets",1998-11-02,0.505382497
"PAL-LTER Derived Datasets",1998-11-02,0.523603835
"PAL-LTER Derived Datasets",1998-11-10,1.049901757
"PAL-LTER Derived Datasets",1998-11-10,1.075099399
"PAL-LTER Derived Datasets",1998-11-17,2.259388581
"PAL-LTER Derived Datasets",1998-11-17,2.208993296
"PAL-LTER Derived Datasets",1998-11-24,0.612302705
"PAL-LTER Derived Datasets",1998-11-24,0.636660425
"PAL-LTER Derived Datasets",1998-11-30,0.809684235
"PAL-LTER Derived Datasets",1998-11-30,0.706373902
"PAL-LTER Derived Datasets",1998-12-17,0.275
"PAL-LTER Derived Datasets",1998-12-17,0.2994
"PAL-LTER Derived Datasets",1998-12-22,0.8379
"PAL-LTER Derived Datasets",1998-12-22,0.8119
"PAL-LTER Derived Datasets",1998-12-27,0.5176
"PAL-LTER Derived Datasets",1998-12-27,0.5389
"PAL-LTER Derived Datasets",1998-12-30,0.8905
"PAL-LTER Derived Datasets",1998-12-30,0.8476
"PAL-LTER Derived Datasets",1999-01-02,1.1771
"PAL-LTER Derived Datasets",1999-01-02,1.1643
"PAL-LTER Derived Datasets",1999-02-16,0.9355
"PAL-LTER Derived Datasets",1999-02-16,1.1326
"PAL-LTER Derived Datasets",1999-02-19,1.4486
"PAL-LTER Derived Datasets",1999-02-19,1.5187
"PAL-LTER Derived Datasets",1999-02-22,0.1838
"PAL-LTER Derived Datasets",1999-02-26,1.1078
"PAL-LTER Derived Datasets",1999-02-26,1.1856
"PAL-LTER Derived Datasets",1999-03-02,0.4935
"PAL-LTER Derived Datasets",1999-03-02,0.478
"PAL-LTER Derived Datasets",1999-03-15,0.525730294
"PAL-LTER Derived Datasets",1999-03-15,0.521633694
"PAL-LTER Derived Datasets",1999-03-29,0.323631376
"PAL-LTER Derived Datasets",1999-03-29,0.315438176
"PAL-LTER Derived Datasets",1999-04-07,0.469686336
"PAL-LTER Derived Datasets",1999-04-07,0.473207223
"PAL-LTER Derived Datasets",1999-04-12,0.338005159
"PAL-LTER Derived Datasets",1999-04-12,0.35138453
"PAL-LTER Derived Datasets",1999-04-19,0.249278805
"PAL-LTER Derived Datasets",1999-04-19,0.246462095
"PAL-LTER Derived Datasets",1999-04-27,0.233786902
"PAL-LTER Derived Datasets",1999-04-27,0.227449305
"PAL-LTER Derived Datasets",1999-05-05,0.233082724
"PAL-LTER Derived Datasets",1999-05-05,0.216182466
"PAL-LTER Derived Datasets",1999-05-10,0.230970192
"PAL-LTER Derived Datasets",1999-05-10,0.234491079
"PAL-LTER Derived Datasets",1999-05-20,0.152102322
"PAL-LTER Derived Datasets",1999-05-20,0.147877257
"PAL-LTER Derived Datasets",1999-05-24,0.121822693
"PAL-LTER Derived Datasets",1999-05-24,0.119005983
"PAL-LTER Derived Datasets",1999-05-31,0.126751935
"PAL-LTER Derived Datasets",1999-05-31,0.126047757
"PAL-LTER Derived Datasets",1999-06-07,0.105626612
"PAL-LTER Derived Datasets",1999-06-07,0.102809903
"PAL-LTER Derived Datasets",1999-06-18,0.069009387
"PAL-LTER Derived Datasets",1999-06-18,0.072530274
"PAL-LTER Derived Datasets",1999-06-22,0.071826096
"PAL-LTER Derived Datasets",1999-06-22,0.070417741
"PAL-LTER Derived Datasets",1999-06-28,0.045771532
"PAL-LTER Derived Datasets",1999-06-28,0.043659
"PAL-LTER Derived Datasets",1999-07-05,0.053517484
"PAL-LTER Derived Datasets",1999-07-05,0.052109129
"PAL-LTER Derived Datasets",1999-07-13,0.10633079
"PAL-LTER Derived Datasets",1999-07-13,0.10633079
"PAL-LTER Derived Datasets",1999-07-20,0.04084229
"PAL-LTER Derived Datasets",1999-07-20,0.064784322
"PAL-LTER Derived Datasets",1999-07-26,0.05985508
"PAL-LTER Derived Datasets",1999-07-26,0.061967613
"PAL-LTER Derived Datasets",1999-08-03,0.08450129
"PAL-LTER Derived Datasets",1999-08-03,0.090838887
"PAL-LTER Derived Datasets",1999-08-09,0.073234451
"PAL-LTER Derived Datasets",1999-08-09,0.070417741
"PAL-LTER Derived Datasets",1999-08-16,0.121822693
"PAL-LTER Derived Datasets",1999-08-16,0.121822693
"PAL-LTER Derived Datasets",1999-08-22,0.080458249
"PAL-LTER Derived Datasets",1999-08-22,0.080458249
"PAL-LTER Derived Datasets",1999-08-30,0.08884726
"PAL-LTER Derived Datasets",1999-08-30,0.087703304
"PAL-LTER Derived Datasets",1999-09-06,0.128504406
"PAL-LTER Derived Datasets",1999-09-06,0.125072538
"PAL-LTER Derived Datasets",1999-09-12,0.104862646
"PAL-LTER Derived Datasets",1999-09-12,0.095329678
"PAL-LTER Derived Datasets",1999-09-20,0.276456067
"PAL-LTER Derived Datasets",1999-09-20,0.269211012
"PAL-LTER Derived Datasets",1999-09-27,0.379511196
"PAL-LTER Derived Datasets",1999-09-27,0.375826621
"PAL-LTER Derived Datasets",1999-10-04,0.165492322
"PAL-LTER Derived Datasets",1999-10-04,0.158628585
"PAL-LTER Derived Datasets",1999-10-10,0.300479146
"PAL-LTER Derived Datasets",1999-10-10,0.301623102
"PAL-LTER Derived Datasets",1999-10-17,0.379511196
"PAL-LTER Derived Datasets",1999-10-17,0.379511196
"PAL-LTER Derived Datasets",1999-10-24,0.324242575
"PAL-LTER Derived Datasets",1999-10-24,0.320558001
"PAL-LTER Derived Datasets",1999-10-31,1.351354624
"PAL-LTER Derived Datasets",1999-11-01,0.460866606
"PAL-LTER Derived Datasets",1999-11-01,0.425715763
"PAL-LTER Derived Datasets",1999-11-04,0.867054123
"PAL-LTER Derived Datasets",1999-11-04,0.847525877
"PAL-LTER Derived Datasets",1999-11-04,1.581787927
"PAL-LTER Derived Datasets",1999-11-08,2.175446606
"PAL-LTER Derived Datasets",1999-12-02,1.886502256
"PAL-LTER Derived Datasets",1999-12-02,1.83491821
"PAL-LTER Derived Datasets",1999-12-06,1.70227352
"PAL-LTER Derived Datasets",1999-12-06,1.6470049
"PAL-LTER Derived Datasets",1999-12-17,2.39510195
"PAL-LTER Derived Datasets",1999-12-17,2.265820879
"PAL-LTER Derived Datasets",1999-12-24,2.109
"PAL-LTER Derived Datasets",1999-12-24,2.075
"PAL-LTER Derived Datasets",2000-01-02,0.518902628
"PAL-LTER Derived Datasets",2000-01-02,0.543482226
"PAL-LTER Derived Datasets",2000-01-15,1.337948747
"PAL-LTER Derived Datasets",2000-01-15,1.385449886
"PAL-LTER Derived Datasets",2000-02-02,3.477
"PAL-LTER Derived Datasets",2000-02-07,2.468
"PAL-LTER Derived Datasets",2000-02-10,3.309
"PAL-LTER Derived Datasets",2000-02-19,2.251
"PAL-LTER Derived Datasets",2000-02-21,1.29308656
"PAL-LTER Derived Datasets",2000-02-21,1.425034169
"PAL-LTER Derived Datasets",2000-03-02,2.810484055
"PAL-LTER Derived Datasets",2000-03-02,2.704925968
"PAL-LTER Derived Datasets",2000-03-12,1.147944191
"PAL-LTER Derived Datasets",2000-03-12,1.227112756
"PAL-LTER Derived Datasets",2000-03-16,0.338652241
"PAL-LTER Derived Datasets",2000-03-16,0.34684544
"PAL-LTER Derived Datasets",2000-03-23,0.24002032
"PAL-LTER Derived Datasets",2000-03-23,0.251541296
"PAL-LTER Derived Datasets",2000-03-31,0.85447234
"PAL-LTER Derived Datasets",2000-03-31,0.831430389
"PAL-LTER Derived Datasets",2000-04-09,0.538662468
"PAL-LTER Derived Datasets",2000-04-09,0.55549567
"PAL-LTER Derived Datasets",2000-04-14,0.305968203
"PAL-LTER Derived Datasets",2000-04-14,0.305968203
"PAL-LTER Derived Datasets",2000-04-21,0.356467809
"PAL-LTER Derived Datasets",2000-04-21,0.413898734
"PAL-LTER Derived Datasets",2000-04-28,0.399045909
"PAL-LTER Derived Datasets",2000-04-28,0.39211459
"PAL-LTER Derived Datasets",2000-05-05,0.38617346
"PAL-LTER Derived Datasets",2000-05-05,0.413898734
"PAL-LTER Derived Datasets",2000-05-15,0.290125189
"PAL-LTER Derived Datasets",2000-05-15,0.301017261
"PAL-LTER Derived Datasets",2000-05-19,0.276262552
"PAL-LTER Derived Datasets",2000-05-19,0.310919145
"PAL-LTER Derived Datasets",2000-05-26,0.213880686
"PAL-LTER Derived Datasets",2000-05-26,0.220812004
"PAL-LTER Derived Datasets",2000-06-02,0.260419539
"PAL-LTER Derived Datasets",2000-06-02,0.248537278
"PAL-LTER Derived Datasets",2000-06-09,0.163381079
"PAL-LTER Derived Datasets",2000-06-09,0.163381079
"PAL-LTER Derived Datasets",2000-06-16,0.182194658
"PAL-LTER Derived Datasets",2000-06-16,0.179224093
"PAL-LTER Derived Datasets",2000-06-23,0.07228375
"PAL-LTER Derived Datasets",2000-06-23,0.104959966
"PAL-LTER Derived Datasets",2000-06-30,0.109910908
"PAL-LTER Derived Datasets",2000-06-30,0.106940343
"PAL-LTER Derived Datasets",2000-07-07,0.103969778
"PAL-LTER Derived Datasets",2000-07-07,0.107930531
"PAL-LTER Derived Datasets",2000-07-14,0.082185634
"PAL-LTER Derived Datasets",2000-07-14,0.087136576
"PAL-LTER Derived Datasets",2000-07-21,0.097038459
"PAL-LTER Derived Datasets",2000-07-21,0.100999213
"PAL-LTER Derived Datasets",2000-07-28,0.134665617
"PAL-LTER Derived Datasets",2000-07-28,0.123773545
"PAL-LTER Derived Datasets",2000-08-04,0.122783357
"PAL-LTER Derived Datasets",2000-08-04,0.141596935
"PAL-LTER Derived Datasets",2000-08-11,0.174273151
"PAL-LTER Derived Datasets",2000-08-11,0.17526334
"PAL-LTER Derived Datasets",2000-08-18,0.163381079
"PAL-LTER Derived Datasets",2000-08-18,0.166351644
"PAL-LTER Derived Datasets",2000-08-25,0.182194658
"PAL-LTER Derived Datasets",2000-08-25,0.213880686
"PAL-LTER Derived Datasets",2000-09-01,0.225762946
"PAL-LTER Derived Datasets",2000-09-01,0.222792381
"PAL-LTER Derived Datasets",2000-09-11,0.419839864
"PAL-LTER Derived Datasets",2000-09-11,0.39211459
"PAL-LTER Derived Datasets",2000-09-15,0.510937193
"PAL-LTER Derived Datasets",2000-09-15,0.445584762
"PAL-LTER Derived Datasets",2000-09-22,0.377261765
"PAL-LTER Derived Datasets",2000-09-22,0.371320635
"PAL-LTER Derived Datasets",2000-09-29,0.648573375
"PAL-LTER Derived Datasets",2000-09-29,0.666396766
"PAL-LTER Derived Datasets",2000-10-06,0.552525105
"PAL-LTER Derived Datasets",2000-10-06,0.565397553
"PAL-LTER Derived Datasets",2000-10-16,5.351778931
"PAL-LTER Derived Datasets",2000-10-16,5.930889338
"PAL-LTER Derived Datasets",2000-10-26,49.19922053
"PAL-LTER Derived Datasets",2000-10-26,48.09557804
"PAL-LTER Derived Datasets",2000-11-07,3.988602687
"PAL-LTER Derived Datasets",2000-11-07,4.143499879
"PAL-LTER Derived Datasets",2000-11-20,1.31915168
"PAL-LTER Derived Datasets",2000-11-20,1.31915168
"PAL-LTER Derived Datasets",2000-12-02,2.24600928
"PAL-LTER Derived Datasets",2000-12-02,2.400906472
"PAL-LTER Derived Datasets",2000-12-18,0.902476404
"PAL-LTER Derived Datasets",2000-12-18,0.933199005
"PAL-LTER Derived Datasets",2000-12-27,3.349651771
"PAL-LTER Derived Datasets",2000-12-27,3.872429794
"PAL-LTER Derived Datasets",2001-01-04,37.45026853
"PAL-LTER Derived Datasets",2001-01-04,37.02042883
"PAL-LTER Derived Datasets",2001-01-11,6.602492798
"PAL-LTER Derived Datasets",2001-01-11,6.5637685
"PAL-LTER Derived Datasets",2001-01-25,2.478355068
"PAL-LTER Derived Datasets",2001-01-25,2.458992919
"PAL-LTER Derived Datasets",2001-02-02,0.948560306
"PAL-LTER Derived Datasets",2001-02-02,0.835270714
"PAL-LTER Derived Datasets",2001-02-12,1.552844347
"PAL-LTER Derived Datasets",2001-02-12,1.723231258
"PAL-LTER Derived Datasets",2001-02-19,2.555803664
"PAL-LTER Derived Datasets",2001-02-19,2.517079366
"PAL-LTER Derived Datasets",2001-02-28,2.517079366
"PAL-LTER Derived Datasets",2001-02-28,3.00113309
"PAL-LTER Derived Datasets",2001-03-05,1.858766301
"PAL-LTER Derived Datasets",2001-03-05,1.87812845
"PAL-LTER Derived Datasets",2001-03-12,0.965841769
"PAL-LTER Derived Datasets",2001-03-12,0.925518355
"PAL-LTER Derived Datasets",2001-03-19,1.665144811
"PAL-LTER Derived Datasets",2001-03-19,1.839404152
"PAL-LTER Derived Datasets",2001-03-26,0.896715916
"PAL-LTER Derived Datasets",2001-03-26,1.029207133
"PAL-LTER Derived Datasets",2001-04-02,1.05148568
"PAL-LTER Derived Datasets",2001-04-02,1.107171838
"PAL-LTER Derived Datasets",2001-04-10,1.287332936
"PAL-LTER Derived Datasets",2001-04-10,1.261127685
"PAL-LTER Derived Datasets",2001-04-16,1.3929375
"PAL-LTER Derived Datasets",2001-04-16,1.436196429
"PAL-LTER Derived Datasets",2001-04-24,0.562366071
"PAL-LTER Derived Datasets",2001-04-24,0.588321429
"PAL-LTER Derived Datasets",2001-05-01,0.331566613
"PAL-LTER Derived Datasets",2001-05-01,0.295206827
"PAL-LTER Derived Datasets",2001-05-09,0.242398568
"PAL-LTER Derived Datasets",2001-05-09,0.259712751
"PAL-LTER Derived Datasets",2001-05-17,0.163619033
"PAL-LTER Derived Datasets",2001-05-17,0.164484743
"PAL-LTER Derived Datasets",2001-05-24,0.157559069
"PAL-LTER Derived Datasets",2001-05-24,0.151499105
"PAL-LTER Derived Datasets",2001-06-04,0.122064993
"PAL-LTER Derived Datasets",2001-06-04,0.127259248
"PAL-LTER Derived Datasets",2001-06-11,0.048479714
"PAL-LTER Derived Datasets",2001-06-11,0.099556555
"PAL-LTER Derived Datasets",2001-06-20,0.211233038
"PAL-LTER Derived Datasets",2001-06-20,0.217293002
"PAL-LTER Derived Datasets",2001-06-26,0.12165664
"PAL-LTER Derived Datasets",2001-06-26,0.119369861
"PAL-LTER Derived Datasets",2001-07-04,0.052595916
"PAL-LTER Derived Datasets",2001-07-04,0.048479714
"PAL-LTER Derived Datasets",2001-07-11,0.120284572
"PAL-LTER Derived Datasets",2001-07-11,0.145439141
"PAL-LTER Derived Datasets",2001-07-18,0.040247309
"PAL-LTER Derived Datasets",2001-07-18,0.031557549
"PAL-LTER Derived Datasets",2001-07-25,0.079579907
"PAL-LTER Derived Datasets",2001-07-25,0.077750484
"PAL-LTER Derived Datasets",2001-08-01,0.056712118
"PAL-LTER Derived Datasets",2001-08-01,0.062657743
"PAL-LTER Derived Datasets",2001-08-08,0.101075629
"PAL-LTER Derived Datasets",2001-08-08,0.096502071
"PAL-LTER Derived Datasets",2001-08-15,0.081866686
"PAL-LTER Derived Datasets",2001-08-15,0.081866686
"PAL-LTER Derived Datasets",2001-08-22,0.131261111
"PAL-LTER Derived Datasets",2001-08-22,0.1303464
"PAL-LTER Derived Datasets",2001-08-29,0.153671545
"PAL-LTER Derived Datasets",2001-08-29,0.134462602
"PAL-LTER Derived Datasets",2001-09-07,0.176081979
"PAL-LTER Derived Datasets",2001-09-07,0.170593709
"PAL-LTER Derived Datasets",2001-09-13,0.181570248
"PAL-LTER Derived Datasets",2001-09-13,0.17265181
"PAL-LTER Derived Datasets",2001-09-19,0.214957221
"PAL-LTER Derived Datasets",2001-09-19,0.205810105
"PAL-LTER Derived Datasets",2001-09-26,0.228677894
"PAL-LTER Derived Datasets",2001-09-26,0.240569145
"PAL-LTER Derived Datasets",2001-10-06,0.219988134
"PAL-LTER Derived Datasets",2001-10-06,0.22593376
"PAL-LTER Derived Datasets",2001-10-20,0.187515873
"PAL-LTER Derived Datasets",2001-10-20,0.210841019
"PAL-LTER Derived Datasets",2001-10-24,0.145896497
"PAL-LTER Derived Datasets",2001-10-24,0.150012699
"PAL-LTER Derived Datasets",2001-10-24,0.154128901
"PAL-LTER Derived Datasets",2001-10-28,0.204438038
"PAL-LTER Derived Datasets",2001-10-29,0.193004143
"PAL-LTER Derived Datasets",2001-11-02,0.244685347
"PAL-LTER Derived Datasets",2001-11-02,0.283560589
"PAL-LTER Derived Datasets",2001-11-02,0.315382075
"PAL-LTER Derived Datasets",2001-11-06,0.102153682
"PAL-LTER Derived Datasets",2001-11-06,0.103019391
"PAL-LTER Derived Datasets",2001-11-06,0.190575426
"PAL-LTER Derived Datasets",2001-11-08,0.180933217
"PAL-LTER Derived Datasets",2001-11-15,0.348015087
"PAL-LTER Derived Datasets",2001-11-21,0.552322451
"PAL-LTER Derived Datasets",2001-11-21,0.210367329
"PAL-LTER Derived Datasets",2001-11-22,8.392232143
"PAL-LTER Derived Datasets",2001-11-22,3.37212
"PAL-LTER Derived Datasets",2001-11-22,3.4884
"PAL-LTER Derived Datasets",2001-11-22,8.201892857
"PAL-LTER Derived Datasets",2001-11-24,0.93
"PAL-LTER Derived Datasets",2001-11-26,1.56
"PAL-LTER Derived Datasets",2001-11-30,2.99
"PAL-LTER Derived Datasets",2001-12-04,2.53
"PAL-LTER Derived Datasets",2001-12-09,4.48
"PAL-LTER Derived Datasets",2001-12-15,5.66
"PAL-LTER Derived Datasets",2001-12-18,6.58
"PAL-LTER Derived Datasets",2001-12-22,7.38
"PAL-LTER Derived Datasets",2001-12-25,11.92
"PAL-LTER Derived Datasets",2001-12-28,12.57
"PAL-LTER Derived Datasets",2002-01-01,2.01710237
"PAL-LTER Derived Datasets",2002-01-01,1.799571429
"PAL-LTER Derived Datasets",2002-01-01,10.90125
"PAL-LTER Derived Datasets",2002-01-01,10.20910714
"PAL-LTER Derived Datasets",2002-01-02,18.16875
"PAL-LTER Derived Datasets",2002-01-02,13.23723214
"PAL-LTER Derived Datasets",2002-01-31,13.45
"PAL-LTER Derived Datasets",2002-02-03,21.13
"PAL-LTER Derived Datasets",2002-02-06,30.61
"PAL-LTER Derived Datasets",2002-02-10,9.18
"PAL-LTER Derived Datasets",2002-02-12,16.04
"PAL-LTER Derived Datasets",2002-02-15,7.91
"PAL-LTER Derived Datasets",2002-02-19,9.7
"PAL-LTER Derived Datasets",2002-02-21,15.33
"PAL-LTER Derived Datasets",2002-02-26,8.66
"PAL-LTER Derived Datasets",2002-03-01,5.27
"PAL-LTER Derived Datasets",2002-03-04,4.8
"PAL-LTER Derived Datasets",2002-03-07,6.44
"PAL-LTER Derived Datasets",2002-03-11,5.2
"PAL-LTER Derived Datasets",2002-03-14,1.34
"PAL-LTER Derived Datasets",2002-03-18,1.441082462
"PAL-LTER Derived Datasets",2002-03-18,1.084178862
"PAL-LTER Derived Datasets",2002-03-24,1.852360608
"PAL-LTER Derived Datasets",2002-03-24,1.251403922
"PAL-LTER Derived Datasets",2002-04-01,0.782672189
"PAL-LTER Derived Datasets",2002-04-01,0.768441786
"PAL-LTER Derived Datasets",2002-04-08,0.402008897
"PAL-LTER Derived Datasets",2002-04-08,0.384220893
"PAL-LTER Derived Datasets",2002-04-14,0.33085688
"PAL-LTER Derived Datasets",2002-04-14,0.295280871
"PAL-LTER Derived Datasets",2002-04-22,0.281050468
"PAL-LTER Derived Datasets",2002-04-22,0.266820064
"PAL-LTER Derived Datasets",2002-04-25,0.123726376
"PAL-LTER Derived Datasets",2002-04-25,0.117363306
"PAL-LTER Derived Datasets",2002-04-29,0.270377665
"PAL-LTER Derived Datasets",2002-04-29,0.266820064
"PAL-LTER Derived Datasets",2002-05-06,0.143169093
"PAL-LTER Derived Datasets",2002-05-06,0.142462085
"PAL-LTER Derived Datasets",2002-05-13,0.109939723
"PAL-LTER Derived Datasets",2002-05-13,0.108172203
"PAL-LTER Derived Datasets",2002-05-20,0.111707243
"PAL-LTER Derived Datasets",2002-05-20,0.115595786
"PAL-LTER Derived Datasets",2002-06-03,0.073528818
"PAL-LTER Derived Datasets",2002-06-03,0.07105429
"PAL-LTER Derived Datasets",2002-06-10,0.058681653
"PAL-LTER Derived Datasets",2002-06-10,0.077417361
"PAL-LTER Derived Datasets",2002-06-17,0.065044724
"PAL-LTER Derived Datasets",2002-06-17,0.059035157
"PAL-LTER Derived Datasets",2002-06-21,0.027573307
"PAL-LTER Derived Datasets",2002-06-21,0.025805787
"PAL-LTER Derived Datasets",2002-06-24,0.049844055
"PAL-LTER Derived Datasets",2002-06-24,0.050551062
"PAL-LTER Derived Datasets",2002-07-01,0.032168858
"PAL-LTER Derived Datasets",2002-07-01,0.045248503
"PAL-LTER Derived Datasets",2002-07-08,0.035350393
"PAL-LTER Derived Datasets",2002-07-08,0.041006456
"PAL-LTER Derived Datasets",2002-07-15,0.036410905
"PAL-LTER Derived Datasets",2002-07-15,0.03959244
"PAL-LTER Derived Datasets",2002-07-29,0.037117913
"PAL-LTER Derived Datasets",2002-07-29,0.036410905
"PAL-LTER Derived Datasets",2002-08-06,0.046662519
"PAL-LTER Derived Datasets",2002-08-06,0.052318582
"PAL-LTER Derived Datasets",2002-08-12,0.032875866
"PAL-LTER Derived Datasets",2002-08-12,0.042066968
"PAL-LTER Derived Datasets",2002-08-19,0.066812243
"PAL-LTER Derived Datasets",2002-08-19,0.07282181
"PAL-LTER Derived Datasets",2002-08-25,0.067165747
"PAL-LTER Derived Datasets",2002-08-25,0.059742165
"PAL-LTER Derived Datasets",2002-09-02,0.072468306
"PAL-LTER Derived Datasets",2002-09-02,0.07105429
"PAL-LTER Derived Datasets",2002-09-09,0.100395117
"PAL-LTER Derived Datasets",2002-09-09,0.103930156
"PAL-LTER Derived Datasets",2002-09-16,0.179226494
"PAL-LTER Derived Datasets",2002-09-16,0.17710547
"PAL-LTER Derived Datasets",2002-09-23,0.99257064
"PAL-LTER Derived Datasets",2002-09-23,0.480276116
"PAL-LTER Derived Datasets",2002-09-30,0.391336094
"PAL-LTER Derived Datasets",2002-09-30,0.391336094
"PAL-LTER Derived Datasets",2002-10-07,0.334414481
"PAL-LTER Derived Datasets",2002-10-07,0.272867986
"PAL-LTER Derived Datasets",2002-10-14,0.29172327
"PAL-LTER Derived Datasets",2002-10-14,0.272156466
"PAL-LTER Derived Datasets",2002-11-05,1.618279574
"PAL-LTER Derived Datasets",2002-11-18,6.739738229
"PAL-LTER Derived Datasets",2002-11-21,6.610637424
"PAL-LTER Derived Datasets",2002-11-25,5.152585005
"PAL-LTER Derived Datasets",2002-11-27,2.548011426
"PAL-LTER Derived Datasets",2002-11-27,2.802812569
"PAL-LTER Derived Datasets",2002-12-10,0.24088768
"PAL-LTER Derived Datasets",2002-12-10,0.224159369
"PAL-LTER Derived Datasets",2002-12-12,0.502604793
"PAL-LTER Derived Datasets",2002-12-16,1.487773157
"PAL-LTER Derived Datasets",2002-12-19,1.814154082
"PAL-LTER Derived Datasets",2002-12-23,0.828715749
"PAL-LTER Derived Datasets",2002-12-27,1.409469306
"PAL-LTER Derived Datasets",2002-12-31,1.448621231
"PAL-LTER Derived Datasets",2003-01-06,1.800988558
"PAL-LTER Derived Datasets",2003-01-07,2.713632169
"PAL-LTER Derived Datasets",2003-01-07,2.891992969
"PAL-LTER Derived Datasets",2003-01-17,0.752495037
"PAL-LTER Derived Datasets",2003-01-25,0.25951488
"PAL-LTER Derived Datasets",2003-01-25,0.282301553
"PAL-LTER Derived Datasets",2003-02-02,0.501306793
"PAL-LTER Derived Datasets",2003-02-02,0.501306793
"PAL-LTER Derived Datasets",2003-02-10,1.312225884
"PAL-LTER Derived Datasets",2003-02-10,1.184825313
"PAL-LTER Derived Datasets",2003-02-17,0.455733448
"PAL-LTER Derived Datasets",2003-02-17,0.478520121
"PAL-LTER Derived Datasets",2003-03-04,0.196055806
"PAL-LTER Derived Datasets",2003-03-04,0.189364482
"PAL-LTER Derived Datasets",2003-03-11,0.272336905
"PAL-LTER Derived Datasets",2003-03-11,0.249586402
"PAL-LTER Derived Datasets",2003-03-21,0.697348868
"PAL-LTER Derived Datasets",2003-03-21,0.439535049
"PAL-LTER Derived Datasets",2003-03-28,0.341555361
"PAL-LTER Derived Datasets",2003-03-28,0.359869321
"PAL-LTER Derived Datasets",2003-04-04,0.342471059
"PAL-LTER Derived Datasets",2003-04-04,0.348880945
"PAL-LTER Derived Datasets",2003-04-11,0.31408442
"PAL-LTER Derived Datasets",2003-04-11,0.305843138
"PAL-LTER Derived Datasets",2003-04-18,0.330566985
"PAL-LTER Derived Datasets",2003-04-18,0.330566985
"PAL-LTER Derived Datasets",2003-04-26,0.342471059
"PAL-LTER Derived Datasets",2003-04-26,0.336061173
"PAL-LTER Derived Datasets",2003-05-02,0.238081485
"PAL-LTER Derived Datasets",2003-05-02,0.231671599
"PAL-LTER Derived Datasets",2003-05-09,0.222514618
"PAL-LTER Derived Datasets",2003-05-09,0.220683222
"PAL-LTER Derived Datasets",2003-05-16,0.19412798
"PAL-LTER Derived Datasets",2003-05-16,0.197790772
"PAL-LTER Derived Datasets",2003-05-23,0.133691911
"PAL-LTER Derived Datasets",2003-05-23,0.120872138
"PAL-LTER Derived Datasets",2003-05-30,0.123619232
"PAL-LTER Derived Datasets",2003-05-30,0.107136668
"PAL-LTER Derived Datasets",2003-06-06,0.10622097
"PAL-LTER Derived Datasets",2003-06-06,0.135523307
"PAL-LTER Derived Datasets",2003-06-13,0.08332852
"PAL-LTER Derived Datasets",2003-06-13,0.095232594
"PAL-LTER Derived Datasets",2003-06-20,0.068677351
"PAL-LTER Derived Datasets",2003-06-20,0.069593049
"PAL-LTER Derived Datasets",2003-06-27,0.080581426
"PAL-LTER Derived Datasets",2003-06-27,0.086075614
"PAL-LTER Derived Datasets",2003-07-04,0.086075614
"PAL-LTER Derived Datasets",2003-07-04,0.086075614
"PAL-LTER Derived Datasets",2003-07-11,0.086991312
"PAL-LTER Derived Datasets",2003-07-11,0.042051337
"PAL-LTER Derived Datasets",2003-07-18,0.043840755
"PAL-LTER Derived Datasets",2003-07-18,0.042946046
"PAL-LTER Derived Datasets",2003-07-25,0.053110485
"PAL-LTER Derived Datasets",2003-07-25,0.05010372
"PAL-LTER Derived Datasets",2003-08-01,0.038204087
"PAL-LTER Derived Datasets",2003-08-01,0.074171539
"PAL-LTER Derived Datasets",2003-08-08,0.075087237
"PAL-LTER Derived Datasets",2003-08-08,0.055857579
"PAL-LTER Derived Datasets",2003-08-15,0.057688975
"PAL-LTER Derived Datasets",2003-08-15,0.086991312
"PAL-LTER Derived Datasets",2003-08-22,0.079665728
"PAL-LTER Derived Datasets",2003-08-22,0.090654104
"PAL-LTER Derived Datasets",2003-08-29,0.080581426
"PAL-LTER Derived Datasets",2003-08-29,0.070508747
"PAL-LTER Derived Datasets",2003-09-05,0.080581426
"PAL-LTER Derived Datasets",2003-09-05,0.088822708
"PAL-LTER Derived Datasets",2003-09-12,0.11079946
"PAL-LTER Derived Datasets",2003-09-12,0.11995644
"PAL-LTER Derived Datasets",2003-09-20,0.09706399
"PAL-LTER Derived Datasets",2003-09-20,0.160247153
"PAL-LTER Derived Datasets",2003-09-26,0.224346014
"PAL-LTER Derived Datasets",2003-09-26,0.192296584
"PAL-LTER Derived Datasets",2003-10-03,0.243575673
"PAL-LTER Derived Datasets",2003-10-03,0.657471177
"PAL-LTER Derived Datasets",2003-10-10,0.601613598
"PAL-LTER Derived Datasets",2003-10-10,0.631831632
"PAL-LTER Derived Datasets",2003-10-30,1.552402073
"PAL-LTER Derived Datasets",2003-11-04,0.975017442
"PAL-LTER Derived Datasets",2003-11-07,1.225580584
"PAL-LTER Derived Datasets",2003-11-10,1.316364331
"PAL-LTER Derived Datasets",2003-11-16,1.906458686
"PAL-LTER Derived Datasets",2003-11-19,0.438619351
"PAL-LTER Derived Datasets",2003-11-19,1.853479885
"PAL-LTER Derived Datasets",2003-11-20,1.561480448
"PAL-LTER Derived Datasets",2003-11-25,2.442082793
"PAL-LTER Derived Datasets",2003-11-28,1.316364331
"PAL-LTER Derived Datasets",2003-12-04,0.684929175
"PAL-LTER Derived Datasets",2003-12-08,0.549030529
"PAL-LTER Derived Datasets",2003-12-10,0.425799578
"PAL-LTER Derived Datasets",2003-12-10,1.844304242
"PAL-LTER Derived Datasets",2003-12-18,10.48775995
"PAL-LTER Derived Datasets",2003-12-18,4.523548209
"PAL-LTER Derived Datasets",2003-12-22,13.256969
"PAL-LTER Derived Datasets",2003-12-26,3.740290375
"PAL-LTER Derived Datasets",2003-12-30,1.870145187
"PAL-LTER Derived Datasets",2004-01-02,2.777982657
"PAL-LTER Derived Datasets",2004-01-07,6.263374443
"PAL-LTER Derived Datasets",2004-01-07,11.65306661
"PAL-LTER Derived Datasets",2004-01-14,6.263374443
"PAL-LTER Derived Datasets",2004-01-14,5.887938256
"PAL-LTER Derived Datasets",2004-01-23,0.79482588
"PAL-LTER Derived Datasets",2004-01-23,0.903793944
"PAL-LTER Derived Datasets",2004-02-06,5.599024206
"PAL-LTER Derived Datasets",2004-02-10,4.284992857
"PAL-LTER Derived Datasets",2004-02-16,7.945540824
"PAL-LTER Derived Datasets",2004-02-19,3.731212
"PAL-LTER Derived Datasets",2004-02-24,1.661342569
"PAL-LTER Derived Datasets",2004-02-26,1.307285956
"PAL-LTER Derived Datasets",2004-03-01,1.652264195
"PAL-LTER Derived Datasets",2004-03-04,1.842910063
"PAL-LTER Derived Datasets",2004-03-10,2.314985548
"PAL-LTER Derived Datasets",2004-03-15,2.115261304
"PAL-LTER Derived Datasets",2004-03-16,0.625421746
"PAL-LTER Derived Datasets",2004-03-16,1.550683666
"PAL-LTER Derived Datasets",2004-03-18,1.724891192
"PAL-LTER Derived Datasets",2004-03-22,2.433004419
"PAL-LTER Derived Datasets",2004-03-25,1.833831689
"PAL-LTER Derived Datasets",2004-03-30,2.759825908
"PAL-LTER Derived Datasets",2004-04-02,4.033612661
"PAL-LTER Derived Datasets",2004-04-16,0.217250173
"PAL-LTER Derived Datasets",2004-04-16,0.202193231
"PAL-LTER Derived Datasets",2004-04-23,0.22083516
"PAL-LTER Derived Datasets",2004-04-23,0.216533176
"PAL-LTER Derived Datasets",2004-04-29,0.203627225
"PAL-LTER Derived Datasets",2004-04-29,0.205778217
"PAL-LTER Derived Datasets",2004-05-06,0.169211356
"PAL-LTER Derived Datasets",2004-05-06,0.190004277
"PAL-LTER Derived Datasets",2004-05-14,0.128342512
"PAL-LTER Derived Datasets",2004-05-14,0.130493503
"PAL-LTER Derived Datasets",2004-05-20,0.11041758
"PAL-LTER Derived Datasets",2004-05-20,0.107549591
"PAL-LTER Derived Datasets",2004-05-27,0.103247607
"PAL-LTER Derived Datasets",2004-05-27,0.08675667
"PAL-LTER Derived Datasets",2004-06-03,0.129776506
"PAL-LTER Derived Datasets",2004-06-03,0.091058653
"PAL-LTER Derived Datasets",2004-06-10,0.104681602
"PAL-LTER Derived Datasets",2004-06-10,0.107549591
"PAL-LTER Derived Datasets",2004-06-18,0.067397744
"PAL-LTER Derived Datasets",2004-06-18,0.066680746
"PAL-LTER Derived Datasets",2004-06-24,0.060227771
"PAL-LTER Derived Datasets",2004-06-24,0.055925787
"PAL-LTER Derived Datasets",2004-07-01,0.055925787
"PAL-LTER Derived Datasets",2004-07-01,0.053057798
"PAL-LTER Derived Datasets",2004-07-08,0.066680746
"PAL-LTER Derived Datasets",2004-07-08,0.053057798
"PAL-LTER Derived Datasets",2004-07-15,0.048755814
"PAL-LTER Derived Datasets",2004-07-15,0.055925787
"PAL-LTER Derived Datasets",2004-07-22,0.058076779
"PAL-LTER Derived Datasets",2004-07-22,0.061661765
"PAL-LTER Derived Datasets",2004-07-28,0.065246752
"PAL-LTER Derived Datasets",2004-07-28,0.062378763
"PAL-LTER Derived Datasets",2004-08-05,0.06309576
"PAL-LTER Derived Datasets",2004-08-05,0.06309576
"PAL-LTER Derived Datasets",2004-08-12,0.0788697
"PAL-LTER Derived Datasets",2004-08-12,0.078152703
"PAL-LTER Derived Datasets",2004-08-19,0.088907662
"PAL-LTER Derived Datasets",2004-08-19,0.105398599
"PAL-LTER Derived Datasets",2004-08-26,0.076718708
"PAL-LTER Derived Datasets",2004-08-26,0.075284714
"PAL-LTER Derived Datasets",2004-09-02,0.089624659
"PAL-LTER Derived Datasets",2004-09-02,0.107549591
"PAL-LTER Derived Datasets",2004-09-09,0.119738544
"PAL-LTER Derived Datasets",2004-09-09,0.108983585
"PAL-LTER Derived Datasets",2004-09-16,0.097511629
"PAL-LTER Derived Datasets",2004-09-16,0.129059509
"PAL-LTER Derived Datasets",2004-09-23,0.306157835
"PAL-LTER Derived Datasets",2004-09-23,0.293968881
"PAL-LTER Derived Datasets",2004-09-30,0.201476233
"PAL-LTER Derived Datasets",2004-09-30,0.195023258
"PAL-LTER Derived Datasets",2004-10-08,0.139814468
"PAL-LTER Derived Datasets",2004-10-08,0.187853285
"PAL-LTER Derived Datasets",2004-10-14,0.123323531
"PAL-LTER Derived Datasets",2004-10-14,0.148418435
"PAL-LTER Derived Datasets",2004-10-21,0.065963749
"PAL-LTER Derived Datasets",2004-10-21,0.06309576
"PAL-LTER Derived Datasets",2004-11-13,0.692936237
"PAL-LTER Derived Datasets",2004-11-21,0.744365098
"PAL-LTER Derived Datasets",2004-11-24,0.668575198
"PAL-LTER Derived Datasets",2004-11-30,1.325842813
"PAL-LTER Derived Datasets",2004-12-06,1.52933193
"PAL-LTER Derived Datasets",2004-12-09,1.549632796
"PAL-LTER Derived Datasets",2004-12-23,1.800010147
"PAL-LTER Derived Datasets",2004-12-26,2.591743934
"PAL-LTER Derived Datasets",2004-12-30,1.312789355
"PAL-LTER Derived Datasets",2005-01-08,1.103105207
"PAL-LTER Derived Datasets",2005-01-08,1.042661086
"PAL-LTER Derived Datasets",2005-01-15,0.262931926
"PAL-LTER Derived Datasets",2005-01-15,0.214576629
"PAL-LTER Derived Datasets",2005-01-22,1.450658903
"PAL-LTER Derived Datasets",2005-01-22,1.56399163
"PAL-LTER Derived Datasets",2005-01-31,5.666636339
"PAL-LTER Derived Datasets",2005-01-31,5.885746277
"PAL-LTER Derived Datasets",2005-02-05,6.271077548
"PAL-LTER Derived Datasets",2005-02-05,6.029301065
"PAL-LTER Derived Datasets",2005-02-13,2.818207139
"PAL-LTER Derived Datasets",2005-02-13,2.757763018
"PAL-LTER Derived Datasets",2005-02-19,8.855063719
"PAL-LTER Derived Datasets",2005-02-19,2.8484292
"PAL-LTER Derived Datasets",2005-02-26,3.83820168
"PAL-LTER Derived Datasets",2005-02-26,3.656869317
"PAL-LTER Derived Datasets",2005-03-05,0.936883875
"PAL-LTER Derived Datasets",2005-03-05,0.951994905
"PAL-LTER Derived Datasets",2005-03-11,2.085322173
"PAL-LTER Derived Datasets",2005-03-11,2.916428836
"PAL-LTER Derived Datasets",2005-03-21,0.229439127
"PAL-LTER Derived Datasets",2005-03-21,0.276760947
"PAL-LTER Derived Datasets",2005-03-26,0.185702293
"PAL-LTER Derived Datasets",2005-03-26,0.163475378
"PAL-LTER Derived Datasets",2005-04-01,0.239477089
"PAL-LTER Derived Datasets",2005-04-01,0.215099181
"PAL-LTER Derived Datasets",2005-04-08,0.288856412
"PAL-LTER Derived Datasets",2005-04-08,0.349406862
"PAL-LTER Derived Datasets",2005-04-15,0.902714894
"PAL-LTER Derived Datasets",2005-04-15,0.633807795
"PAL-LTER Derived Datasets",2005-04-21,0.13399728
"PAL-LTER Derived Datasets",2005-04-21,0.12677587
"PAL-LTER Derived Datasets",2005-04-28,0.182942394
"PAL-LTER Derived Datasets",2005-04-28,0.197385215
"PAL-LTER Derived Datasets",2005-05-06,0.162882921
"PAL-LTER Derived Datasets",2005-05-06,0.174116226
"PAL-LTER Derived Datasets",2005-05-13,0.194175699
"PAL-LTER Derived Datasets",2005-05-13,0.195780457
"PAL-LTER Derived Datasets",2005-05-22,0.19337332
"PAL-LTER Derived Datasets",2005-05-22,0.177325742
"PAL-LTER Derived Datasets",2005-05-28,0.153254374
"PAL-LTER Derived Datasets",2005-05-28,0.145230585
"PAL-LTER Derived Datasets",2005-06-04,0.11153067
"PAL-LTER Derived Datasets",2005-06-04,0.10430926
"PAL-LTER Derived Datasets",2005-06-12,0.097890229
"PAL-LTER Derived Datasets",2005-06-12,0.086656924
"PAL-LTER Derived Datasets",2005-06-18,0.069004587
"PAL-LTER Derived Datasets",2005-06-18,0.070609345
"PAL-LTER Derived Datasets",2005-06-25,0.064992693
"PAL-LTER Derived Datasets",2005-06-25,0.068202208
"PAL-LTER Derived Datasets",2005-07-03,0.053759388
"PAL-LTER Derived Datasets",2005-07-03,0.048142735
"PAL-LTER Derived Datasets",2005-07-09,0.046537977
"PAL-LTER Derived Datasets",2005-07-09,0.048142735
"PAL-LTER Derived Datasets",2005-07-16,0.048945114
"PAL-LTER Derived Datasets",2005-07-16,0.054561767
"PAL-LTER Derived Datasets",2005-07-23,0.094680713
"PAL-LTER Derived Datasets",2005-07-23,0.092273576
"PAL-LTER Derived Datasets",2005-07-30,0.05937604
"PAL-LTER Derived Datasets",2005-07-30,0.069004587
"PAL-LTER Derived Datasets",2005-08-05,0.064190314
"PAL-LTER Derived Datasets",2005-08-05,0.060178419
"PAL-LTER Derived Datasets",2005-08-13,0.101099744
"PAL-LTER Derived Datasets",2005-08-13,0.101099744
"PAL-LTER Derived Datasets",2005-08-20,0.113135428
"PAL-LTER Derived Datasets",2005-08-20,0.098692607
"PAL-LTER Derived Datasets",2005-08-27,0.125973491
"PAL-LTER Derived Datasets",2005-08-27,0.142021069
"PAL-LTER Derived Datasets",2005-09-04,0.184547152
"PAL-LTER Derived Datasets",2005-09-04,0.198989973
"PAL-LTER Derived Datasets",2005-09-11,0.207013762
"PAL-LTER Derived Datasets",2005-09-11,0.369094304
"PAL-LTER Derived Datasets",2005-09-17,0.277623107
"PAL-LTER Derived Datasets",2005-09-17,0.269599318
"PAL-LTER Derived Datasets",2005-09-24,0.341011042
"PAL-LTER Derived Datasets",2005-09-24,0.308915885
"PAL-LTER Derived Datasets",2005-10-01,1.195544594
"PAL-LTER Derived Datasets",2005-10-01,1.431331724
"PAL-LTER Derived Datasets",2005-10-08,2.830133182
"PAL-LTER Derived Datasets",2005-10-08,1.51265739
"PAL-LTER Derived Datasets",2005-10-15,2.52109565
"PAL-LTER Derived Datasets",2005-10-15,2.04127422
"PAL-LTER Derived Datasets",2005-10-21,0.276018349
"PAL-LTER Derived Datasets",2005-10-21,0.228677993
"PAL-LTER Derived Datasets",2005-10-27,0.279227865
"PAL-LTER Derived Datasets",2005-10-27,0.316939674
"PAL-LTER Derived Datasets",2005-11-03,1.457355937
"PAL-LTER Derived Datasets",2005-11-10,1.078211658
"PAL-LTER Derived Datasets",2005-11-14,2.331769499
"PAL-LTER Derived Datasets",2005-11-14,2.322661025
"PAL-LTER Derived Datasets",2005-12-02,1.860871156
"PAL-LTER Derived Datasets",2005-12-02,1.89089358
"PAL-LTER Derived Datasets",2005-12-16,5.041507245
"PAL-LTER Derived Datasets",2005-12-20,32.0548241
"PAL-LTER Derived Datasets",2006-01-11,5.551661832
"PAL-LTER Derived Datasets",2006-01-11,5.692210232
"PAL-LTER Derived Datasets",2006-01-18,28.72457941
"PAL-LTER Derived Datasets",2006-01-18,30.48143442
"PAL-LTER Derived Datasets",2006-01-25,20.90657462
"PAL-LTER Derived Datasets",2006-01-25,20.99441737
"PAL-LTER Derived Datasets",2006-02-01,14.29457843
"PAL-LTER Derived Datasets",2006-02-01,17.3928646
"PAL-LTER Derived Datasets",2006-02-10,6.505322424
"PAL-LTER Derived Datasets",2006-02-10,6.078718335
"PAL-LTER Derived Datasets",2006-02-16,2.090657462
"PAL-LTER Derived Datasets",2006-02-16,2.160931662
"PAL-LTER Derived Datasets",2006-02-26,1.002401802
"PAL-LTER Derived Datasets",2006-02-26,0.918868318
"PAL-LTER Derived Datasets",2006-03-01,7.60239077
"PAL-LTER Derived Datasets",2006-03-01,5.589993214
"PAL-LTER Derived Datasets",2006-03-09,15.48099297
"PAL-LTER Derived Datasets",2006-03-09,15.48099297
"PAL-LTER Derived Datasets",2006-03-18,11.15817182
"PAL-LTER Derived Datasets",2006-03-18,10.79823079
"PAL-LTER Derived Datasets",2006-04-14,0.183927711
"PAL-LTER Derived Datasets",2006-04-14,0.21611506
"PAL-LTER Derived Datasets",2006-04-21,0.103459337
"PAL-LTER Derived Datasets",2006-04-21,0.10805753
"PAL-LTER Derived Datasets",2006-04-28,0.193124096
"PAL-LTER Derived Datasets",2006-04-28,0.213049598
"PAL-LTER Derived Datasets",2006-05-05,0.142543976
"PAL-LTER Derived Datasets",2006-05-05,0.154805823
"PAL-LTER Derived Datasets",2006-05-13,0.095029317
"PAL-LTER Derived Datasets",2006-05-13,0.179329518
"PAL-LTER Derived Datasets",2006-05-20,0.147142169
"PAL-LTER Derived Datasets",2006-05-20,0.181628614
"PAL-LTER Derived Datasets",2006-05-27,0.14024488
"PAL-LTER Derived Datasets",2006-05-27,0.098094779
"PAL-LTER Derived Datasets",2006-06-03,0.121085743
"PAL-LTER Derived Datasets",2006-06-03,0.110356627
"PAL-LTER Derived Datasets",2006-06-10,0.095795683
"PAL-LTER Derived Datasets",2006-06-10,0.114954819
"PAL-LTER Derived Datasets",2006-06-17,0.104992068
"PAL-LTER Derived Datasets",2006-06-17,0.09119749
"PAL-LTER Derived Datasets",2006-06-24,0.110356627
"PAL-LTER Derived Datasets",2006-06-24,0.11648755
"PAL-LTER Derived Datasets",2006-07-01,0.094262952
"PAL-LTER Derived Datasets",2006-07-01,0.091963855
"PAL-LTER Derived Datasets",2006-07-08,0.095029317
"PAL-LTER Derived Datasets",2006-07-08,0.075870181
"PAL-LTER Derived Datasets",2006-07-15,0.083533835
"PAL-LTER Derived Datasets",2006-07-15,0.09119749
"PAL-LTER Derived Datasets",2006-07-22,0.06590743
"PAL-LTER Derived Datasets",2006-07-22,0.070505622
"PAL-LTER Derived Datasets",2006-07-29,0.075870181
"PAL-LTER Derived Datasets",2006-07-29,0.071271988
"PAL-LTER Derived Datasets",2006-08-05,0.093496586
"PAL-LTER Derived Datasets",2006-08-05,0.085066566
"PAL-LTER Derived Datasets",2006-08-12,0.098861145
"PAL-LTER Derived Datasets",2006-08-12,0.078169277
"PAL-LTER Derived Datasets",2006-08-19,0.172432229
"PAL-LTER Derived Datasets",2006-08-19,0.121085743
"PAL-LTER Derived Datasets",2006-08-26,0.194656827
"PAL-LTER Derived Datasets",2006-08-26,0.217647791
"PAL-LTER Derived Datasets",2006-09-04,0.228376908
"PAL-LTER Derived Datasets",2006-09-04,0.239106024
"PAL-LTER Derived Datasets",2006-09-09,0.31574257
"PAL-LTER Derived Datasets",2006-09-09,0.314209839
"PAL-LTER Derived Datasets",2006-09-16,0.314976205
"PAL-LTER Derived Datasets",2006-09-16,0.28202249
"PAL-LTER Derived Datasets",2006-09-24,0.30731255
"PAL-LTER Derived Datasets",2006-09-24,0.306546185
"PAL-LTER Derived Datasets",2006-09-30,0.373986345
"PAL-LTER Derived Datasets",2006-09-30,0.367855422
"PAL-LTER Derived Datasets",2006-10-14,0.465183835
"PAL-LTER Derived Datasets",2006-10-14,0.490473896
"PAL-LTER Derived Datasets",2006-10-24,0.460585643
"PAL-LTER Derived Datasets",2006-10-24,0.469015663
"PAL-LTER Derived Datasets",2006-11-02,0.660260416
"PAL-LTER Derived Datasets",2006-11-02,0.644724877
"PAL-LTER Derived Datasets",2006-11-11,0.78454473
"PAL-LTER Derived Datasets",2006-11-11,0.901061274
"PAL-LTER Derived Datasets",2006-11-18,0.47599872
"PAL-LTER Derived Datasets",2006-11-18,0.464538077
"PAL-LTER Derived Datasets",2006-11-24,0.955053612
"PAL-LTER Derived Datasets",2006-11-24,1.040881127
"PAL-LTER Derived Datasets",2006-12-01,3.495496321
"PAL-LTER Derived Datasets",2006-12-01,3.961562497
"PAL-LTER Derived Datasets",2006-12-09,1.708909312
"PAL-LTER Derived Datasets",2006-12-09,1.654534925
"PAL-LTER Derived Datasets",2006-12-16,2.858701435
"PAL-LTER Derived Datasets",2006-12-16,1.328288602
"PAL-LTER Derived Datasets",2006-12-16,2.988642409
"PAL-LTER Derived Datasets",2006-12-16,1.421501837
"PAL-LTER Derived Datasets",2006-12-23,20.97297792
"PAL-LTER Derived Datasets",2006-12-23,25.94435047
"PAL-LTER Derived Datasets",2006-12-30,10.14648958
"PAL-LTER Derived Datasets",2006-12-30,9.183795535
"PAL-LTER Derived Datasets",2007-01-06,15.83071445
"PAL-LTER Derived Datasets",2007-01-06,14.80536886
"PAL-LTER Derived Datasets",2007-01-12,3.371212007
"PAL-LTER Derived Datasets",2007-01-12,3.417818625
"PAL-LTER Derived Datasets",2007-01-20,0.963203431
"PAL-LTER Derived Datasets",2007-01-27,1.242843136
"PAL-LTER Derived Datasets",2007-01-27,1.273914215
"PAL-LTER Derived Datasets",2007-02-03,2.555596199
"PAL-LTER Derived Datasets",2007-02-03,2.524525121
"PAL-LTER Derived Datasets",2007-02-12,1.732212621
"PAL-LTER Derived Datasets",2007-02-12,1.701141543
"PAL-LTER Derived Datasets",2007-02-17,1.343824141
"PAL-LTER Derived Datasets",2007-02-17,1.36712745
"PAL-LTER Derived Datasets",2007-02-24,2.011852327
"PAL-LTER Derived Datasets",2007-02-24,1.980781248
"PAL-LTER Derived Datasets",2007-03-02,3.728529409
"PAL-LTER Derived Datasets",2007-03-02,3.767368257
"PAL-LTER Derived Datasets",2007-03-10,1.048648896
"PAL-LTER Derived Datasets",2007-03-10,1.009810048
"PAL-LTER Derived Datasets",2007-03-17,1.732212621
"PAL-LTER Derived Datasets",2007-03-17,1.840961396
"PAL-LTER Derived Datasets",2007-03-24,0.675807834
"PAL-LTER Derived Datasets",2007-03-24,0.673879709
"PAL-LTER Derived Datasets",2007-03-31,0.705590928
"PAL-LTER Derived Datasets",2007-03-31,0.331637511
"PAL-LTER Derived Datasets",2007-04-08,0.539875017
"PAL-LTER Derived Datasets",2007-04-08,0.655562521
"PAL-LTER Derived Datasets",2007-04-15,0.439612514
"PAL-LTER Derived Datasets",2007-04-15,0.462750015
"PAL-LTER Derived Datasets",2007-04-21,0.570725018
"PAL-LTER Derived Datasets",2007-04-21,0.563012518
"PAL-LTER Derived Datasets",2007-05-11,0.298859385
"PAL-LTER Derived Datasets",2007-05-11,0.293075009
"PAL-LTER Derived Datasets",2007-05-22,0.186064068
"PAL-LTER Derived Datasets",2007-05-22,0.180279693
"PAL-LTER Derived Datasets",2007-05-28,0.14075313
"PAL-LTER Derived Datasets",2007-05-28,0.02399808
"PAL-LTER Derived Datasets",2007-06-04,0.124364067
"PAL-LTER Derived Datasets",2007-06-04,0.103154691
"PAL-LTER Derived Datasets",2007-06-11,0.128220317
"PAL-LTER Derived Datasets",2007-06-11,0.110867191
"PAL-LTER Derived Datasets",2007-06-16,0.096406253
"PAL-LTER Derived Datasets",2007-06-16,0.092550003
"PAL-LTER Derived Datasets",2007-06-23,0.08387344
"PAL-LTER Derived Datasets",2007-06-23,0.08387344
"PAL-LTER Derived Datasets",2007-06-30,0.069412502
"PAL-LTER Derived Datasets",2007-06-30,0.079053128
"PAL-LTER Derived Datasets",2007-07-07,0.071340627
"PAL-LTER Derived Datasets",2007-07-07,0.071340627
"PAL-LTER Derived Datasets",2007-07-14,0.08001719
"PAL-LTER Derived Datasets",2007-07-14,0.06844844
"PAL-LTER Derived Datasets",2007-07-21,0.126292192
"PAL-LTER Derived Datasets",2007-07-21,0.110867191
"PAL-LTER Derived Datasets",2007-07-28,0.202453132
"PAL-LTER Derived Datasets",2007-07-28,0.200525006
"PAL-LTER Derived Datasets",2007-08-05,0.186064068
"PAL-LTER Derived Datasets",2007-08-05,0.197632819
"PAL-LTER Derived Datasets",2007-08-11,0.160998443
"PAL-LTER Derived Datasets",2007-08-11,0.155214067
"PAL-LTER Derived Datasets",2007-08-18,0.234267195
"PAL-LTER Derived Datasets",2007-08-18,0.249692196
"PAL-LTER Derived Datasets",2007-08-25,0.24776407
"PAL-LTER Derived Datasets",2007-08-25,0.23619532
"PAL-LTER Derived Datasets",2007-09-02,0.198596881
"PAL-LTER Derived Datasets",2007-09-02,0.207273444
"PAL-LTER Derived Datasets",2007-09-09,0.187028131
"PAL-LTER Derived Datasets",2007-09-09,0.208237507
"PAL-LTER Derived Datasets",2007-09-16,0.568796893
"PAL-LTER Derived Datasets",2007-09-16,0.549515643
"PAL-LTER Derived Datasets",2007-09-22,0.249692196
"PAL-LTER Derived Datasets",2007-09-22,0.290182822
"PAL-LTER Derived Datasets",2007-09-28,0.498420329
"PAL-LTER Derived Datasets",2007-09-28,0.508060954
"PAL-LTER Derived Datasets",2007-10-06,1.034866695
"PAL-LTER Derived Datasets",2007-10-06,1.08190609
"PAL-LTER Derived Datasets",2007-10-12,1.204208518
"PAL-LTER Derived Datasets",2007-10-12,1.08190609
"PAL-LTER Derived Datasets",2007-10-20,0.490707828
"PAL-LTER Derived Datasets",2007-10-20,0.457929702
"PAL-LTER Derived Datasets",2007-10-27,0.332601573
"PAL-LTER Derived Datasets",2007-10-27,0.340314073
"PAL-LTER Derived Datasets",2007-11-03,0.370200012
"PAL-LTER Derived Datasets",2007-11-03,0.37694845
"PAL-LTER Derived Datasets",2007-11-10,0.535054705
"PAL-LTER Derived Datasets",2007-11-10,0.54083908
"PAL-LTER Derived Datasets",2007-11-17,1.175984881
"PAL-LTER Derived Datasets",2007-11-17,1.194800639
"PAL-LTER Derived Datasets",2007-11-26,1.881575809
"PAL-LTER Derived Datasets",2007-11-26,1.843944293
"PAL-LTER Derived Datasets",2007-12-01,0.931380025
"PAL-LTER Derived Datasets",2007-12-01,0.912564267
"PAL-LTER Derived Datasets",2007-12-08,1.157169123
"PAL-LTER Derived Datasets",2007-12-08,1.175984881
"PAL-LTER Derived Datasets",2007-12-15,3.358612819
"PAL-LTER Derived Datasets",2007-12-15,3.857230409
"PAL-LTER Derived Datasets",2007-12-22,2.653021891
"PAL-LTER Derived Datasets",2007-12-22,6.150718948
"PAL-LTER Derived Datasets",2007-12-30,3.819598892
"PAL-LTER Derived Datasets",2007-12-30,3.358612819
"PAL-LTER Derived Datasets",2010-03-13,0.627567464
"PAL-LTER Derived Datasets",2010-03-21,0.39606625
"PAL-LTER Derived Datasets",2010-03-27,1.261338768
"PAL-LTER Derived Datasets",2010-04-02,1.550960173
"PAL-LTER Derived Datasets",2010-04-10,0.7575216
"PAL-LTER Derived Datasets",2010-04-17,0.545284945
"PAL-LTER Derived Datasets",2010-04-24,0.445696976
"PAL-LTER Derived Datasets",2010-05-01,0.323252752
"PAL-LTER Derived Datasets",2010-05-08,0.207991922
"PAL-LTER Derived Datasets",2010-05-15,0.149545212
"PAL-LTER Derived Datasets",2010-05-22,0.17827879
"PAL-LTER Derived Datasets",2010-05-29,0.223338265
"PAL-LTER Derived Datasets",2010-06-05,0.235419428
"PAL-LTER Derived Datasets",2010-06-12,0.174687093
"PAL-LTER Derived Datasets",2010-06-19,0.088812877
"PAL-LTER Derived Datasets",2010-06-26,0.069221801
"PAL-LTER Derived Datasets",2010-07-03,0.077058232
"PAL-LTER Derived Datasets",2010-07-10,0.082609037
"PAL-LTER Derived Datasets",2010-07-17,0.066936176
"PAL-LTER Derived Datasets",2010-07-24,0.076731714
"PAL-LTER Derived Datasets",2010-07-31,0.162279412
"PAL-LTER Derived Datasets",2010-08-07,0.182197006
"PAL-LTER Derived Datasets",2010-08-14,0.142688336
"PAL-LTER Derived Datasets",2010-08-21,0.198522902
"PAL-LTER Derived Datasets",2010-08-28,0.413698219
"PAL-LTER Derived Datasets",2010-09-04,0.705278731
"PAL-LTER Derived Datasets",2010-09-11,1.217911883
"PAL-LTER Derived Datasets",2010-09-18,1.017756391
"PAL-LTER Derived Datasets",2010-09-25,0.420228577
"PAL-LTER Derived Datasets",2010-10-02,0.8522118
"PAL-LTER Derived Datasets",2010-10-11,1.028531483
"PAL-LTER Derived Datasets",2010-10-19,0.646505504
"PAL-LTER Derived Datasets",2010-10-25,0.633444786
"PAL-LTER Derived Datasets",2010-11-01,2.37052018
"PAL-LTER Derived Datasets",2010-11-09,4.221876849
"PAL-LTER Derived Datasets",2010-11-16,3.823524973
"PAL-LTER Derived Datasets",2010-11-25,2.648060421
"PAL-LTER Derived Datasets",2010-12-02,2.138692449
"PAL-LTER Derived Datasets",2010-12-09,2.171344242
"PAL-LTER Derived Datasets",2010-12-16,4.176164339
"PAL-LTER Derived Datasets",2010-12-23,6.563010415
"PAL-LTER Derived Datasets",2010-12-30,16.71771807
"PAL-LTER Derived Datasets",2011-01-06,15.64510667
"PAL-LTER Derived Datasets",2011-01-13,11.18813691
"PAL-LTER Derived Datasets",2011-01-21,12.29666529
"PAL-LTER Derived Datasets",2011-01-29,5.197512428
"PAL-LTER Derived Datasets",2011-02-04,3.181590721
"PAL-LTER Derived Datasets",2011-02-10,1.901640431
"PAL-LTER Derived Datasets",2011-02-18,0.790826429
"PAL-LTER Derived Datasets",2011-02-26,0.763398923
"PAL-LTER Derived Datasets",2011-03-04,0.772541425
"PAL-LTER Derived Datasets",2011-03-11,1.129099006
"PAL-LTER Derived Datasets",2011-03-18,2.377050539
"PAL-LTER Derived Datasets",2011-03-24,2.042043141
"PAL-LTER Derived Datasets",2011-04-01,0.655078345
"PAL-LTER Derived Datasets",2011-04-01,0.801174955
"PAL-LTER Derived Datasets",2011-04-07,0.593812025
"PAL-LTER Derived Datasets",2011-04-07,0.617375995
"PAL-LTER Derived Datasets",2011-04-14,0.18379896
"PAL-LTER Derived Datasets",2011-04-14,0.174373373
"PAL-LTER Derived Datasets",2011-04-23,0.109336817
"PAL-LTER Derived Datasets",2011-04-23,0.127245434
"PAL-LTER Derived Datasets",2011-04-29,0.06126632
"PAL-LTER Derived Datasets",2011-04-29,0.414725859
"PAL-LTER Derived Datasets",2011-05-06,0.296906013
"PAL-LTER Derived Datasets",2011-05-06,0.768185398
"PAL-LTER Derived Datasets",2011-05-14,0.226214105
"PAL-LTER Derived Datasets",2011-05-14,0.235639693
"PAL-LTER Derived Datasets",2011-05-20,0.184741519
"PAL-LTER Derived Datasets",2011-05-20,0.18427024
"PAL-LTER Derived Datasets",2011-05-28,0.155050918
"PAL-LTER Derived Datasets",2011-05-28,0.148453006
"PAL-LTER Derived Datasets",2011-06-04,0.202650136
"PAL-LTER Derived Datasets",2011-06-04,0.193224548
"PAL-LTER Derived Datasets",2011-06-10,0.121118802
"PAL-LTER Derived Datasets",2011-06-10,0.13054439
"PAL-LTER Derived Datasets",2011-06-17,0.090014363
"PAL-LTER Derived Datasets",2011-06-17,0.088129245
"PAL-LTER Derived Datasets",2011-06-25,0.146096609
"PAL-LTER Derived Datasets",2011-06-25,0.111221935
"PAL-LTER Derived Datasets",2011-07-01,0.079646216
"PAL-LTER Derived Datasets",2011-07-01,0.085772848
"PAL-LTER Derived Datasets",2011-07-07,0.111693214
"PAL-LTER Derived Datasets",2011-07-07,0.098026112
"PAL-LTER Derived Datasets",2011-07-15,0.072577025
"PAL-LTER Derived Datasets",2011-07-15,0.094255877
"PAL-LTER Derived Datasets",2011-07-23,0.060795041
"PAL-LTER Derived Datasets",2011-07-23,0.058909923
"PAL-LTER Derived Datasets",2011-07-28,0.077761099
"PAL-LTER Derived Datasets",2011-07-28,0.166832902
"PAL-LTER Derived Datasets",2011-08-06,0.075404702
"PAL-LTER Derived Datasets",2011-08-06,0.098497392
"PAL-LTER Derived Datasets",2011-08-12,0.093313318
"PAL-LTER Derived Datasets",2011-08-12,0.093313318
"PAL-LTER Derived Datasets",2011-08-20,0.08435901
"PAL-LTER Derived Datasets",2011-08-20,0.07634726
"PAL-LTER Derived Datasets",2011-08-26,0.094255877
"PAL-LTER Derived Datasets",2011-08-26,0.092370759
"PAL-LTER Derived Datasets",2011-09-02,0.171545696
"PAL-LTER Derived Datasets",2011-09-02,0.169189299
"PAL-LTER Derived Datasets",2011-09-10,0.246007839
"PAL-LTER Derived Datasets",2011-09-10,0.229041781
"PAL-LTER Derived Datasets",2011-09-17,0.179086166
"PAL-LTER Derived Datasets",2011-09-17,0.181442563
"PAL-LTER Derived Datasets",2011-09-25,0.213960841
"PAL-LTER Derived Datasets",2011-09-25,0.207834209
"PAL-LTER Derived Datasets",2011-10-01,0.198408621
"PAL-LTER Derived Datasets",2011-10-01,0.207362929
"PAL-LTER Derived Datasets",2011-10-10,1.220613608
"PAL-LTER Derived Datasets",2011-10-10,1.27245434
"PAL-LTER Derived Datasets",2011-10-19,0.247421677
"PAL-LTER Derived Datasets",2011-10-19,0.212075723
"PAL-LTER Derived Datasets",2011-10-25,0.869510466
"PAL-LTER Derived Datasets",2011-10-25,0.33696476
"PAL-LTER Derived Datasets",2011-11-01,0.473635782
"PAL-LTER Derived Datasets",2011-11-01,1.458609697
"PAL-LTER Derived Datasets",2011-11-01,0.450071813
"PAL-LTER Derived Datasets",2011-11-01,0.440646225
"PAL-LTER Derived Datasets",2012-11-09,0.713988269
"PAL-LTER Derived Datasets",2012-11-09,0.706919078
"PAL-LTER Derived Datasets",2012-11-17,2.050065325
"PAL-LTER Derived Datasets",2012-11-17,2.00058099
"PAL-LTER Derived Datasets",2011-11-22,0.930122231
"PAL-LTER Derived Datasets",2011-11-22,1.013250678
"PAL-LTER Derived Datasets",2011-12-01,2.921932188
"PAL-LTER Derived Datasets",2011-12-01,2.85124028
"PAL-LTER Derived Datasets",2011-12-27,5.381488372
"PAL-LTER Derived Datasets",2011-12-27,5.369476121
"PAL-LTER Derived Datasets",2012-01-04,24.23111238
"PAL-LTER Derived Datasets",2012-01-04,25.01911603
"PAL-LTER Derived Datasets",2012-01-10,15.26757081
"PAL-LTER Derived Datasets",2012-01-10,16.35107583
"PAL-LTER Derived Datasets",2012-01-18,2.498548173
"PAL-LTER Derived Datasets",2012-01-18,2.786842193
"PAL-LTER Derived Datasets",2012-01-26,3.071465803
"PAL-LTER Derived Datasets",2012-01-26,0.817500404
"PAL-LTER Derived Datasets",2012-01-31,1.272964914
"PAL-LTER Derived Datasets",2012-01-31,1.226250606
"PAL-LTER Derived Datasets",2012-02-07,2.896287145
"PAL-LTER Derived Datasets",2012-02-07,2.674394178
"PAL-LTER Derived Datasets",2012-02-14,4.437859335
"PAL-LTER Derived Datasets",2012-02-14,4.134216328
"PAL-LTER Derived Datasets",2012-02-22,5.313752624
"PAL-LTER Derived Datasets",2012-02-22,4.858288114
"PAL-LTER Derived Datasets",2012-03-06,4.04078771
"PAL-LTER Derived Datasets",2012-03-06,4.087502019
"PAL-LTER Derived Datasets",2012-03-13,5.453895551
"PAL-LTER Derived Datasets",2012-03-13,5.161931121
"PAL-LTER Derived Datasets",2012-03-20,5.220324007
"PAL-LTER Derived Datasets",2012-03-20,5.500609859
"PAL-LTER Derived Datasets",2012-03-28,2.93071
"PAL-LTER Derived Datasets",2012-04-03,1.28598
"PAL-LTER Derived Datasets",2012-04-10,1.26727
"PAL-LTER Derived Datasets",2012-04-17,0.54351
"PAL-LTER Derived Datasets",2012-04-24,0.39189
"PAL-LTER Derived Datasets",2012-05-01,0.23995
"PAL-LTER Derived Datasets",2012-05-08,0.22141
"PAL-LTER Derived Datasets",2012-05-15,0.13405
"PAL-LTER Derived Datasets",2012-05-23,0.1046
"PAL-LTER Derived Datasets",2012-05-29,0.13584
"PAL-LTER Derived Datasets",2012-06-05,0.11192
"PAL-LTER Derived Datasets",2012-06-12,0.07776
"PAL-LTER Derived Datasets",2012-06-19,0.04246
"PAL-LTER Derived Datasets",2012-06-26,0.04278
"PAL-LTER Derived Datasets",2012-07-03,0.04311
"PAL-LTER Derived Datasets",2012-07-10,0.07841
"PAL-LTER Derived Datasets",2012-07-16,0.06442
"PAL-LTER Derived Datasets",2012-07-17,0.04864
"PAL-LTER Derived Datasets",2012-07-24,0.0401
"PAL-LTER Derived Datasets",2012-07-31,0.06458
"PAL-LTER Derived Datasets",2012-08-07,0.04319
"PAL-LTER Derived Datasets",2012-08-15,0.04612
"PAL-LTER Derived Datasets",2012-08-21,0.07841
"PAL-LTER Derived Datasets",2012-08-28,0.06906
"PAL-LTER Derived Datasets",2012-09-04,0.09102
"PAL-LTER Derived Datasets",2012-09-11,0.14478
"PAL-LTER Derived Datasets",2012-09-19,0.2123
"PAL-LTER Derived Datasets",2012-09-25,2.40684
"PAL-LTER Derived Datasets",2012-10-04,0.24483
"PAL-LTER Derived Datasets",2012-10-13,0.35952
"PAL-LTER Derived Datasets",2012-10-20,0.62469
"PAL-LTER Derived Datasets",2012-10-27,0.56531
"PAL-LTER Derived Datasets",2012-11-02,0.82966
"PAL-LTER Derived Datasets",2012-11-16,15.40571
"PAL-LTER Derived Datasets",2012-11-23,10.04543
"PAL-LTER Derived Datasets",2012-11-30,49.37311
"PAL-LTER Derived Datasets",2012-12-06,38.96164
"PAL-LTER Derived Datasets",2012-12-13,14.72246
"PAL-LTER Derived Datasets",2012-12-21,0.56124
"PAL-LTER Derived Datasets",2012-12-29,0.26029
"PAL-LTER Derived Datasets",2013-01-05,1.02813
"PAL-LTER Derived Datasets",2013-01-14,7.16601
"PAL-LTER Derived Datasets",2013-01-19,0.89636
"PAL-LTER Derived Datasets",2013-01-26,2.05789
"PAL-LTER Derived Datasets",2013-02-01,2.26124
"PAL-LTER Derived Datasets",2013-02-08,1.16316
"PAL-LTER Derived Datasets",2013-02-14,1.83827
"PAL-LTER Derived Datasets",2013-02-21,1.43971
"PAL-LTER Derived Datasets",2013-02-28,2.24497
"PAL-LTER Derived Datasets",2013-03-07,2.1799
"PAL-LTER Derived Datasets",2013-03-15,2.44019
"PAL-LTER Derived Datasets",2013-03-23,0.89392
"PAL-LTER Derived Datasets",2013-03-29,0.44818
"PAL-LTER Derived Datasets",2013-04-05,0.308243724
"PAL-LTER Derived Datasets",2013-04-12,0.339278103
"PAL-LTER Derived Datasets",2013-04-20,0.44754842
"PAL-LTER Derived Datasets",2013-04-27,0.864529142
"PAL-LTER Derived Datasets",2013-05-03,0.992166778
"PAL-LTER Derived Datasets",2013-05-10,0.834428127
"PAL-LTER Derived Datasets",2013-05-17,1.205907316
"PAL-LTER Derived Datasets",2013-05-24,0.808993937
"PAL-LTER Derived Datasets",2013-05-31,0.448248443
"PAL-LTER Derived Datasets",2013-06-08,0.241974823
"PAL-LTER Derived Datasets",2013-06-14,0.139538037
"PAL-LTER Derived Datasets",2013-06-21,0.18107277
"PAL-LTER Derived Datasets",2013-06-28,0.115503893
"PAL-LTER Derived Datasets",2013-07-05,0.171972464
"PAL-LTER Derived Datasets",2013-07-12,0.092169774
"PAL-LTER Derived Datasets",2013-07-19,0.080269372
"PAL-LTER Derived Datasets",2013-07-26,0.068018959
"PAL-LTER Derived Datasets",2013-08-02,0.140238061
"PAL-LTER Derived Datasets",2013-08-09,0.065102195
"PAL-LTER Derived Datasets",2013-08-16,0.170572416
"PAL-LTER Derived Datasets",2013-08-23,0.084586185
"PAL-LTER Derived Datasets",2013-08-30,0.139188025
"PAL-LTER Derived Datasets",2013-09-07,-0.060085359
"PAL-LTER Derived Datasets",2013-09-13,0.193206513
"PAL-LTER Derived Datasets",2013-09-20,0.261808825
"PAL-LTER Derived Datasets",2013-09-27,0.191806466
"PAL-LTER Derived Datasets",2013-10-04,0.255975295
"PAL-LTER Derived Datasets",2013-10-11,0.321777513
"PAL-LTER Derived Datasets",2013-10-18,0.714724092
"PAL-LTER Derived Datasets",2013-10-25,2.826461943
"PAL-LTER Derived Datasets",2013-11-01,0.184572888
"PAL-LTER Derived Datasets",2013-11-08,0.136971284
"PAL-LTER Derived Datasets",2013-11-15,0.156805286
"PAL-LTER Derived Datasets",2013-11-22,0.173839193
"PAL-LTER Derived Datasets",2013-12-01,0.312677207
"PAL-LTER Derived Datasets",2013-12-04,0.0931
"PAL-LTER Derived Datasets",2013-12-06,1.092270152
"PAL-LTER Derived Datasets",2013-12-09,0.1514
"PAL-LTER Derived Datasets",2013-12-13,1.483583343
"PAL-LTER Derived Datasets",2013-12-17,0.7311
"PAL-LTER Derived Datasets",2013-12-20,0.1234
"PAL-LTER Derived Datasets",2013-12-25,0.0003
"PAL-LTER Derived Datasets",2013-12-29,7.550221174
"PAL-LTER Derived Datasets",2014-01-01,6.6207
"PAL-LTER Derived Datasets",2014-01-05,11.14134223
"PAL-LTER Derived Datasets",2014-01-06,21.6587
"PAL-LTER Derived Datasets",2014-01-10,10.60535749
"PAL-LTER Derived Datasets",2014-01-13,7.3829
"PAL-LTER Derived Datasets",2014-01-17,11.57349013
"PAL-LTER Derived Datasets",2014-01-22,10.2577
"PAL-LTER Derived Datasets",2014-01-25,6.52188651
"PAL-LTER Derived Datasets",2014-01-28,4.1978
"PAL-LTER Derived Datasets",2014-02-04,3.6588
"PAL-LTER Derived Datasets",2014-02-08,5.902598968
"PAL-LTER Derived Datasets",2014-02-11,5.2268
"PAL-LTER Derived Datasets",2014-02-15,1.294810313
"PAL-LTER Derived Datasets",2014-02-18,0.6125
"PAL-LTER Derived Datasets",2014-02-21,0.93033136
"PAL-LTER Derived Datasets",2014-02-25,2.4256
"PAL-LTER Derived Datasets",2014-03-01,2.90579795
"PAL-LTER Derived Datasets",2014-03-03,1.8784
"PAL-LTER Derived Datasets",2014-03-07,0.444981666
"PAL-LTER Derived Datasets",2014-03-11,0.6044
"PAL-LTER Derived Datasets",2014-03-14,0.923
"PAL-LTER Derived Datasets",2014-03-18,0.3365
"PAL-LTER Derived Datasets",2014-03-21,0.466
"PAL-LTER Derived Datasets",2014-03-28,0.312
"PAL-LTER Derived Datasets",2014-04-04,0.189
"PAL-LTER Derived Datasets",2014-04-11,0.39
"PAL-LTER Derived Datasets",2014-04-18,0.348
"PAL-LTER Derived Datasets",2014-04-25,0.386
"PAL-LTER Derived Datasets",2014-05-02,0.374
"PAL-LTER Derived Datasets",2014-05-09,0.273
"PAL-LTER Derived Datasets",2014-05-16,0.195
"PAL-LTER Derived Datasets",2014-05-23,0.202
"PAL-LTER Derived Datasets",2014-05-30,0.118
"PAL-LTER Derived Datasets",2014-06-06,0.23
"PAL-LTER Derived Datasets",2014-06-13,0.132
"PAL-LTER Derived Datasets",2014-06-20,0.139
"PAL-LTER Derived Datasets",2014-06-27,0.097
"PAL-LTER Derived Datasets",2014-07-04,0.132
"PAL-LTER Derived Datasets",2014-07-11,0.069
"PAL-LTER Derived Datasets",2014-07-18,0.083
"PAL-LTER Derived Datasets",2014-07-25,0.081
"PAL-LTER Derived Datasets",2014-08-02,0.079
"PAL-LTER Derived Datasets",2014-08-08,0.09
"PAL-LTER Derived Datasets",2014-08-15,-0.015
"PAL-LTER Derived Datasets",2014-08-22,0.098
"PAL-LTER Derived Datasets",2014-08-29,0.117
"PAL-LTER Derived Datasets",2014-09-05,0.184
"PAL-LTER Derived Datasets",2014-09-12,0.139
"PAL-LTER Derived Datasets",2014-09-19,0.164
"PAL-LTER Derived Datasets",2014-09-26,0.176
"PAL-LTER Derived Datasets",2014-10-07,0.215
"PAL-LTER Derived Datasets",2014-10-14,0.35
"PAL-LTER Derived Datasets",2014-10-21,0.153
"PAL-LTER Derived Datasets",2014-10-28,0.226
"PAL-LTER Derived Datasets",2014-11-04,0.307
"PAL-LTER Derived Datasets",2014-11-11,0.373
"PAL-LTER Derived Datasets",2014-11-18,0.208
"PAL-LTER Derived Datasets",2014-11-25,0.575
"PAL-LTER Derived Datasets",2014-12-02,2.191
"PAL-LTER Derived Datasets",2014-12-09,29.732
"PAL-LTER Derived Datasets",2014-12-18,0.205
"PAL-LTER Derived Datasets",2014-12-25,-0.002
"PAL-LTER Derived Datasets",2015-01-01,1.237
"PAL-LTER Derived Datasets",2015-01-08,7.574
"PAL-LTER Derived Datasets",2015-01-15,8.975
"PAL-LTER Derived Datasets",2015-01-22,18.306
"PAL-LTER Derived Datasets",2015-01-29,1.408
"PAL-LTER Derived Datasets",2015-02-05,0.891
"PAL-LTER Derived Datasets",2015-02-12,2.05
"PAL-LTER Derived Datasets",2015-02-19,2.746
"PAL-LTER Derived Datasets",2015-02-26,2.761
"PAL-LTER Derived Datasets",2015-03-05,1.913
"PAL-LTER Derived Datasets",2015-03-12,1.424
"PAL-LTER Derived Datasets",2015-03-19,0.474
